OverallQual,BedroomAbvGr,CentralAir,BsmtQual,BsmtUnfSF,Fireplaces,YrSold,HouseStyle,HeatingQC,GarageType,RoofMatl,PavedDrive,SaleType,FullBath,OpenPorchSF,RoofStyle,Exterior,Utilities,BsmtFinSF1,Heating,LotInfo,KitchenQual,HalfBath,BsmtFinType1,WoodDeckSF,TotRmsAbvGrd,SalePrice,YearBuilt,BsmtCond,Foundation,Electrical,BldgType,OverallCond,GrLivArea
7,3,Y,Gd,150,0,2008,2Story,Ex,Attchd,CompShg,Y,WD,2,61,Gable,VinylSd;TA;Gd,AllPub,706,GasA,Inside;Reg;8450;65,Gd,1,GLQ,0,8,208500,2003,TA,PConc,SBrkr,1Fam,5,1710
7,3,Y,Gd,434,1,2008,2Story,Ex,Attchd,CompShg,Y,WD,2,42,Gable,VinylSd;TA;Gd,AllPub,486,GasA,Inside;IR1;11250;68,Gd,1,GLQ,0,6,223500,2001,TA,PConc,SBrkr,1Fam,5,1786
8,3,Y,Gd,1777,1,2008,1Story,Ex,Attchd,CompShg,Y,WD,2,159,notGable,VinylSd;TA;Gd,AllPub,0,GasA,Inside;Reg;9742;75,Gd,0,Unf,171,7,230000,2002,TA,PConc,SBrkr,1Fam,5,1795
8,3,Y,Ex,1234,0,2008,1Story,Ex,Attchd,CompShg,Y,WD,2,30,Gable,VinylSd;TA;Gd,AllPub,0,GasA,Corner;Reg;11049;85,Gd,0,Unf,0,7,179900,2007,TA,PConc,SBrkr,1Fam,5,1234
5,3,Y,Gd,167,0,2008,1Story,TA,Detchd,CompShg,Y,WD,1,0,notGable,VinylSd;TA;TA,AllPub,280,GasA,CulDSac;IR1;9200;NA,TA,0,BLQ,145,5,130250,1975,TA,CBlock,SBrkr,1Fam,6,938
7,3,Y,Gd,860,0,2006,2Story,Ex,Attchd,CompShg,Y,WD,2,70,Gable,VinylSd;TA;Gd,AllPub,0,GasA,Corner;IR1;11645;89,Gd,1,Unf,0,7,196500,2004,TA,PConc,SBrkr,1Fam,5,1720
5,2,Y,TA,148,0,2008,1Story,Ex,Detchd,CompShg,Y,WD,1,0,Gable,OtherSd;TA;TA,AllPub,632,GasA,Inside;Reg;7200;60,TA,0,ALQ,196,4,124900,1972,TA,CBlock,SBrkr,1Fam,7,780
7,3,Y,Gd,318,0,2009,2Story,Ex,Attchd,CompShg,Y,WD,2,36,Gable,VinylSd;TA;TA,AllPub,739,GasA,Inside;Reg;9375;NA,Gd,1,GLQ,576,8,219500,1997,TA,PConc,SBrkr,1Fam,5,2034
7,3,Y,Gd,440,0,2007,1Story,Ex,Attchd,CompShg,Y,WD,2,29,Gable,VinylSd;TA;Gd,AllPub,1013,GasA,Inside;IR1;10665;72,Gd,0,GLQ,144,7,226000,2003,TA,PConc,SBrkr,1Fam,5,1479
4,3,Y,Gd,402,0,2007,1Story,Ex,,CompShg,Y,WD,1,0,Gable,VinylSd;TA;TA,AllPub,588,GasA,Inside;Reg;8070;60,TA,0,GLQ,0,5,123600,1994,TA,PConc,SBrkr,1Fam,5,990
6,3,Y,Gd,176,0,2007,2Story,Ex,Attchd,CompShg,Y,WD,2,162,Gable,VinylSd;Gd;TA,AllPub,648,GasA,Inside;IR1;9337;69,Gd,1,GLQ,0,7,204750,1997,TA,PConc,SBrkr,1Fam,5,1786
7,3,Y,Gd,1226,0,2010,1Story,Ex,Attchd,CompShg,Y,WD,2,36,Gable,VinylSd;TA;TA,AllPub,0,GasA,Corner;IR1;10402;94,Gd,0,Unf,0,6,198900,2009,TA,PConc,SBrkr,1Fam,5,1226
7,4,Y,Ex,280,1,2007,2Story,Ex,Attchd,CompShg,Y,notWD,2,184,Gable,VinylSd;TA;Gd,AllPub,984,GasA,Inside;Reg;9965;77,Ex,1,GLQ,120,10,383970,2007,TA,PConc,SBrkr,1Fam,5,2696
6,3,Y,Gd,728,1,2006,2Story,Ex,Attchd,CompShg,Y,notWD,2,24,Gable,VinylSd;TA;Gd,AllPub,0,GasA,Inside;Reg;8461;65,Gd,1,Unf,0,8,163990,2005,TA,PConc,SBrkr,1Fam,5,1456
7,3,Y,Gd,434,0,2006,1Story,Ex,Attchd,CompShg,Y,WD,2,24,Gable,VinylSd;TA;Gd,AllPub,1300,GasA,Inside;Reg;11645;78,Gd,0,GLQ,160,7,260000,2005,TA,PConc,SBrkr,1Fam,5,1734
7,3,Y,Gd,811,0,2009,1Story,Ex,Attchd,CompShg,Y,WD,2,29,Gable,VinylSd;TA;Gd,AllPub,679,GasA,Inside;IR1;10335;78,Gd,0,GLQ,144,6,204000,1999,TA,PConc,SBrkr,1Fam,5,1501
5,3,Y,TA,253,0,2007,1Story,TA,Attchd,CompShg,Y,WD,1,0,Gable,OtherSd;TA;TA,AllPub,716,GasA,Corner;Reg;10356;120,TA,1,BLQ,0,5,122000,1975,TA,CBlock,SBrkr,1Fam,6,969
7,3,Y,Gd,871,0,2009,1Story,Ex,Attchd,CompShg,Y,WD,2,35,Gable,VinylSd;TA;Gd,AllPub,560,GasA,Inside;IR1;9017;68,Gd,0,GLQ,0,6,192000,1999,TA,PConc,SBrkr,1Fam,5,1431
5,3,Y,TA,474,0,2008,1Story,TA,Detchd,CompShg,Y,WD,1,0,notGable,OtherSd;TA;TA,AllPub,390,GasA,Inside;IR1;7180;60,TA,0,ALQ,0,5,127000,1972,TA,CBlock,SBrkr,1Fam,7,864
6,1,Y,Gd,186,1,2008,1Story,Ex,Attchd,CompShg,Y,WD,1,0,Gable,VinylSd;TA;Gd,AllPub,662,GasA,Inside;Reg;4438;NA,Gd,0,GLQ,149,3,149000,2004,TA,PConc,SBrkr,Twnhs,5,848
6,3,Y,Gd,311,0,2010,2Story,Ex,Attchd,CompShg,Y,WD,1,36,Gable,OtherSd;TA;TA,AllPub,378,GasA,FR2;IR1;10900;NA,TA,1,GLQ,0,6,161750,1977,TA,CBlock,SBrkr,1Fam,7,1392
7,3,Y,Gd,490,0,2008,1Story,Ex,Attchd,CompShg,Y,WD,2,98,Gable,VinylSd;TA;Gd,AllPub,946,GasA,Inside;Reg;8450;65,Gd,0,GLQ,139,8,210000,2004,TA,PConc,SBrkr,1Fam,5,1436
7,2,Y,Gd,1498,0,2006,1Story,Ex,Attchd,CompShg,Y,notWD,2,33,Gable,VinylSd;TA;Gd,AllPub,0,GasA,Inside;IR1;8990;73,Gd,0,Unf,351,5,204900,2006,TA,PConc,SBrkr,1Fam,5,1498
7,3,Y,Gd,1390,0,2010,1Story,Ex,Attchd,CompShg,Y,WD,2,105,Gable,VinylSd;TA;Gd,AllPub,24,GasA,FR2;Reg;8773;65,Gd,0,GLQ,132,6,185500,2004,TA,PConc,SBrkr,1Fam,5,1414
7,3,Y,Gd,840,0,2007,2Story,Ex,Attchd,CompShg,Y,WD,2,68,Gable,VinylSd;TA;Gd,AllPub,0,GasA,Inside;Reg;11317;72,Gd,1,Unf,144,8,180000,2003,TA,PConc,SBrkr,1Fam,5,1668
7,3,Y,Gd,270,1,2009,1Story,Ex,Attchd,CompShg,Y,WD,2,110,Gable,VinylSd;TA;Gd,AllPub,1334,GasA,Inside;Reg;8814;68,Gd,1,GLQ,123,8,220000,2006,TA,PConc,SBrkr,1Fam,5,1604
7,3,Y,Gd,602,1,2008,2Story,Ex,Attchd,CompShg,Y,WD,2,96,Gable,VinylSd;TA;Gd,AllPub,361,GasA,Inside;Reg;12435;80,Gd,1,GLQ,0,7,231500,2001,TA,PConc,SBrkr,1Fam,5,1792
8,3,Y,Gd,1079,1,2006,2Story,Ex,Attchd,CompShg,Y,notWD,2,51,Gable,VinylSd;TA;Gd,AllPub,0,GasA,Inside;Reg;15611;120,Gd,1,Unf,0,8,233230,2006,TA,PConc,SBrkr,1Fam,5,1919
5,3,Y,TA,0,0,2006,1Story,TA,Attchd,CompShg,Y,WD,1,0,Gable,VinylSd;TA;TA,AllPub,894,GasA,Corner;Reg;9800;70,TA,0,ALQ,256,5,149900,1972,TA,PConc,SBrkr,1Fam,7,894
8,3,Y,Gd,536,0,2001,1Story,Ex,Attchd,CompShg,Y,WD,2,0,Gable,OtherSd;TA;Gd,AllPub,1464,GasA,Inside;Reg;10386;80,Gd,0,GLQ,168,8,305900,2004,TA,PConc,SBrkr,1Fam,5,2000
7,3,Y,Gd,726,0,2008,1Story,Ex,Attchd,CompShg,Y,WD,2,74,Gable,VinylSd;TA;Gd,AllPub,810,GasA,Inside;Reg;9135;70,Gd,0,GLQ,192,7,214000,2002,TA,PConc,SBrkr,1Fam,5,1536
7,4,Y,Gd,847,1,2007,2Story,Ex,Attchd,CompShg,Y,WD,2,48,Gable,VinylSd;TA;Gd,AllPub,0,GasA,Inside;Reg;8200;65,Gd,1,Unf,100,8,219500,2003,TA,PConc,SBrkr,1Fam,5,1928
7,3,Y,Gd,1468,0,2008,1Story,Ex,Attchd,CompShg,Y,WD,2,25,Gable,VinylSd;TA;Gd,AllPub,0,GasA,CulDSac;IR1;9382;93,Gd,0,Unf,120,6,191000,1999,TA,PConc,SBrkr,1Fam,5,1479
5,2,Y,TA,117,0,2009,1Story,TA,Detchd,CompShg,Y,WD,1,0,notGable,MetalSd;TA;TA,AllPub,777,GasA,Inside;Reg;7200;60,TA,0,ALQ,215,6,123000,1972,TA,CBlock,SBrkr,1Fam,5,894
7,3,Y,Gd,70,1,2009,2Story,Ex,Attchd,CompShg,Y,notWD,2,61,Gable,VinylSd;TA;Gd,AllPub,385,GasA,CulDSac;IR2;10667;43,Gd,1,GLQ,158,6,212000,1996,TA,PConc,SBrkr,1Fam,6,1661
7,4,Y,Gd,273,1,2008,2Story,Ex,Attchd,CompShg,Y,WD,2,133,Gable,VinylSd;Gd;Gd,AllPub,642,GasA,Inside;Reg;8750;70,Gd,1,GLQ,144,8,210000,1994,TA,PConc,SBrkr,1Fam,5,1908
5,3,Y,Gd,424,0,2009,1Story,TA,,CompShg,Y,WD,2,0,Gable,OtherSd;TA;TA,AllPub,616,GasA,Inside;Reg;8430;60,TA,0,ALQ,0,5,124000,1978,TA,CBlock,SBrkr,1Fam,5,1040
6,3,Y,Gd,484,1,2008,1Story,Ex,Attchd,CompShg,Y,WD,2,39,Gable,VinylSd;TA;TA,AllPub,994,GasA,Inside;Reg;13125;75,Gd,0,GLQ,140,7,208900,1997,TA,PConc,SBrkr,1Fam,5,1493
6,3,Y,Gd,88,0,2007,2Story,Ex,Attchd,CompShg,Y,WD,2,36,Gable,VinylSd;TA;TA,AllPub,706,GasA,CulDSac;IR1;9531;NA,TA,1,GLQ,0,7,211000,1998,TA,PConc,SBrkr,1Fam,5,1796
7,3,Y,Gd,880,0,2008,2Story,Ex,Attchd,CompShg,Y,WD,2,155,Gable,VinylSd;TA;TA,AllPub,0,GasA,CulDSac;IR1;8924;57,Gd,1,Unf,120,8,188000,1998,TA,PConc,SBrkr,1Fam,5,1724
8,3,Y,Gd,223,1,2010,1Story,Ex,Attchd,CompShg,Y,WD,2,0,Gable,VinylSd;TA;Gd,AllPub,1358,GasA,Inside;Reg;11423;NA,Gd,0,GLQ,180,6,272000,2001,TA,PConc,SBrkr,1Fam,5,1601
6,1,Y,Gd,163,0,2009,1Story,Ex,Attchd,CompShg,Y,WD,1,0,Gable,VinylSd;TA;Gd,AllPub,685,GasA,Inside;Reg;4435;NA,Gd,0,GLQ,140,4,140000,2003,TA,PConc,SBrkr,Twnhs,5,848
7,3,Y,Gd,572,1,2008,1Story,Ex,Attchd,CompShg,Y,WD,2,36,Gable,VinylSd;TA;Gd,AllPub,922,GasA,Inside;IR1;12803;88,Gd,0,GLQ,192,6,221000,2002,TA,PConc,SBrkr,1Fam,5,1494
5,3,Y,Gd,308,0,2009,1Story,Gd,Detchd,CompShg,Y,WD,1,0,Gable,VinylSd;Gd;TA,AllPub,732,GasA,Corner;IR2;12464;82,Gd,0,GLQ,168,6,152000,1996,TA,PConc,SBrkr,1Fam,5,1040
9,3,Y,Ex,536,2,2009,2Story,Ex,Attchd,CompShg,Y,WD,2,142,notGable,VinylSd;TA;Gd,AllPub,904,GasA,Inside;Reg;11050;NA,Ex,1,GLQ,253,8,313000,2000,TA,PConc,SBrkr,1Fam,5,2153
8,3,Y,Gd,309,1,2009,2Story,Ex,Attchd,CompShg,Y,WD,2,122,Gable,VinylSd;TA;Gd,AllPub,990,GasA,Inside;Reg;11885;NA,Ex,1,GLQ,160,7,261500,2001,TA,PConc,SBrkr,1Fam,5,1872
7,2,Y,Gd,880,1,2009,2Story,Ex,Attchd,CompShg,Y,WD,2,120,Gable,VinylSd;TA;Gd,AllPub,0,GasA,Inside;Reg;8750;70,Gd,1,Unf,0,7,191000,1996,TA,PConc,SBrkr,1Fam,5,1716
6,1,Y,Gd,151,1,2008,1Story,Ex,Attchd,CompShg,Y,WD,1,0,Gable,VinylSd;TA;Gd,AllPub,697,GasA,Inside;Reg;4426;NA,Gd,0,GLQ,149,3,141000,2004,TA,PConc,SBrkr,Twnhs,5,848
7,3,Y,Gd,761,0,2010,1Story,Ex,Attchd,CompShg,Y,WD,2,35,Gable,VinylSd;TA;Gd,AllPub,712,GasA,Inside;Reg;8400;70,Gd,0,GLQ,0,7,213000,2004,TA,PConc,SBrkr,1Fam,5,1484
5,3,Y,Gd,448,1,2006,1Story,TA,Attchd,CompShg,Y,WD,1,0,Gable,OtherSd;TA;TA,AllPub,523,GasA,Inside;IR1;9920;69,TA,1,ALQ,0,5,128500,1969,TA,CBlock,SBrkr,1Fam,6,971
6,1,Y,Gd,186,0,2010,1Story,Ex,Attchd,CompShg,Y,WD,1,0,Gable,VinylSd;TA;Gd,AllPub,662,GasA,Inside;Reg;4426;NA,Gd,0,GLQ,160,3,143000,2004,TA,PConc,SBrkr,Twnhs,5,848
7,2,Y,Gd,508,0,2009,1Story,Ex,Attchd,CompShg,Y,WD,2,0,Gable,VinylSd;TA;Gd,AllPub,724,GasA,Inside;Reg;7314;64,Gd,0,GLQ,132,6,194500,2007,TA,PConc,SBrkr,1Fam,5,1232
7,3,Y,Gd,901,1,2008,2Story,Ex,Attchd,CompShg,Y,WD,2,84,Gable,VinylSd;TA;Gd,AllPub,252,GasA,Inside;IR1;11404;75,Gd,1,ALQ,192,8,222500,1998,TA,PConc,SBrkr,1Fam,5,2031
7,3,Y,Gd,864,0,2009,2Story,Ex,Attchd,CompShg,Y,WD,2,56,Gable,VinylSd;TA;Gd,AllPub,0,GasA,Inside;IR1;9313;65,Gd,1,Unf,187,7,190000,2004,TA,PConc,SBrkr,1Fam,5,1728
6,3,Y,Gd,279,0,2006,1Story,Ex,Attchd,CompShg,Y,WD,2,27,Gable,VinylSd;Gd;TA,AllPub,1200,GasA,Inside;IR1;9236;79,Gd,0,GLQ,168,6,217000,1997,TA,PConc,SBrkr,1Fam,5,1494
8,3,Y,Gd,846,0,2009,2Story,Ex,Attchd,CompShg,Y,WD,2,105,Gable,VinylSd;TA;Gd,AllPub,20,GasA,Inside;IR1;10769;68,Gd,1,GLQ,144,7,212000,2007,TA,PConc,SBrkr,1Fam,5,1768
7,3,Y,Gd,1836,1,2006,1Story,Ex,Attchd,CompShg,Y,WD,2,33,notGable,VinylSd;TA;Gd,AllPub,24,GasA,Inside;Reg;9100;70,Gd,0,GLQ,120,8,216837,2004,TA,PConc,SBrkr,1Fam,5,1836
7,3,Y,Gd,1594,0,2006,1Story,Ex,Attchd,CompShg,Y,notWD,2,59,Gable,VinylSd;TA;Gd,AllPub,20,GasA,Inside;IR1;11210;86,Gd,0,GLQ,144,7,221500,2005,TA,PConc,SBrkr,1Fam,5,1614
7,3,Y,Gd,1413,0,2009,1Story,Ex,Attchd,CompShg,Y,WD,2,33,Gable,VinylSd;TA;Gd,AllPub,0,GasA,Inside;IR2;16285;67,Gd,0,Unf,0,6,187100,2001,TA,PConc,SBrkr,1Fam,5,1430
7,3,Y,Gd,80,1,2008,2Story,Ex,Attchd,CompShg,Y,WD,2,18,Gable,OtherSd;TA;Gd,AllPub,648,GasA,Inside;Reg;8199;63,Gd,1,GLQ,36,7,189000,2005,TA,PConc,SBrkr,1Fam,5,1456
6,1,Y,Gd,186,1,2008,1Story,Ex,Attchd,CompShg,Y,notWD,1,0,Gable,VinylSd;TA;Gd,AllPub,662,GasA,Inside;Reg;4438;NA,Gd,0,GLQ,140,4,144500,2004,TA,PConc,SBrkr,Twnhs,5,848
7,3,Y,Gd,1649,0,2010,1Story,Ex,Attchd,CompShg,Y,WD,2,34,Gable,VinylSd;TA;TA,AllPub,0,GasA,CulDSac;IR2;12137;48,Gd,0,Unf,0,6,224900,1998,TA,PConc,SBrkr,1Fam,5,1661
7,3,Y,Gd,798,0,2008,2Story,Ex,Attchd,CompShg,Y,WD,2,45,Gable,VinylSd;TA;Gd,AllPub,0,GasA,CulDSac;IR1;7226;72,Gd,1,Unf,0,6,183000,2003,TA,PConc,SBrkr,1Fam,5,1640
5,3,Y,Gd,1099,0,2008,1Story,Ex,Attchd,CompShg,Y,WD,1,0,Gable,VinylSd;TA;TA,AllPub,0,GasA,Inside;Reg;9525;75,Gd,1,Unf,278,6,144000,1995,TA,PConc,SBrkr,1Fam,6,1099
5,3,Y,TA,404,1,2009,1Story,Ex,Attchd,CompShg,Y,WD,1,0,Gable,OtherSd;TA;TA,AllPub,460,GasA,CulDSac;IR1;15523;36,TA,0,BLQ,0,5,133500,1972,TA,CBlock,SBrkr,1Fam,6,864
6,3,Y,Gd,299,0,2010,2Story,Ex,Attchd,CompShg,Y,WD,2,77,Gable,VinylSd;TA;TA,AllPub,505,GasA,Inside;Reg;8750;70,Gd,1,GLQ,0,7,200500,1998,TA,PConc,SBrkr,1Fam,5,1682
5,3,Y,TA,218,0,2009,1Story,Ex,Attchd,CompShg,Y,WD,1,0,Gable,VinylSd;Gd;Gd,AllPub,646,GasA,CulDSac;IR1;7000;NA,TA,0,ALQ,0,6,136500,1978,TA,CBlock,SBrkr,1Fam,8,864
8,3,Y,Gd,1753,1,2009,1Story,Ex,Attchd,CompShg,Y,WD,2,151,notGable,VinylSd;TA;Gd,AllPub,0,GasA,Inside;Reg;11838;NA,Ex,0,Unf,202,7,236500,2001,TA,PConc,SBrkr,1Fam,5,1788
7,3,Y,Gd,1480,0,2009,1Story,Ex,Attchd,CompShg,Y,WD,2,36,Gable,VinylSd;TA;Gd,AllPub,20,GasA,FR2;Reg;8487;63,Gd,0,GLQ,192,6,190000,2004,TA,PConc,SBrkr,1Fam,5,1500
7,3,Y,Gd,936,1,2006,2Story,Ex,Attchd,CompShg,Y,WD,2,96,Gable,VinylSd;TA;Gd,AllPub,0,GasA,Inside;IR1;14006;65,Gd,1,Unf,144,7,192500,2002,TA,PConc,SBrkr,1Fam,5,1776
7,3,Y,Gd,638,0,2007,1Story,Ex,Attchd,CompShg,Y,WD,2,39,Gable,VinylSd;TA;Gd,AllPub,699,GasA,Inside;Reg;8450;65,Gd,0,GLQ,0,6,185000,2003,TA,PConc,SBrkr,1Fam,5,1337
9,2,Y,Ex,1800,0,2009,1Story,Ex,Attchd,CompShg,Y,WD,2,136,Gable,VinylSd;TA;Gd,AllPub,0,GasA,Corner;IR1;11923;122,Ex,0,Unf,288,7,239000,2007,TA,PConc,SBrkr,1Fam,5,1800
8,4,Y,Gd,1128,1,2008,2Story,Ex,Attchd,CompShg,Y,WD,2,0,Gable,OtherSd;TA;Gd,AllPub,0,GasA,Corner;Reg;11250;NA,Gd,1,Unf,0,9,255900,2002,TA,PConc,SBrkr,1Fam,5,2290
6,3,Y,Gd,750,0,2006,2Story,Ex,Attchd,CompShg,Y,notWD,2,35,Gable,VinylSd;TA;TA,AllPub,0,GasA,Inside;Reg;8846;68,Gd,1,Unf,0,6,173900,2005,TA,PConc,SBrkr,1Fam,5,1500
7,2,Y,Gd,501,0,2010,1Story,Ex,Attchd,CompShg,Y,WD,2,61,Gable,VinylSd;TA;Gd,AllPub,686,GasA,Inside;Reg;6762;64,Gd,0,GLQ,105,6,206000,2006,TA,PConc,SBrkr,1Fam,5,1208
7,3,Y,Gd,814,1,2009,1Story,Ex,Attchd,CompShg,Y,WD,2,66,notGable,VinylSd;TA;Gd,AllPub,690,GasA,Inside;Reg;11883;73,Gd,0,GLQ,115,6,203000,1996,TA,PConc,SBrkr,1Fam,5,1504
7,2,Y,Gd,515,0,2006,1Story,Ex,Attchd,CompShg,Y,notWD,2,54,Gable,VinylSd;TA;Gd,AllPub,684,GasA,Inside;Reg;7406;64,Gd,0,GLQ,105,6,194000,2006,TA,PConc,SBrkr,1Fam,5,1220
5,3,Y,TA,276,0,2007,1Story,TA,Detchd,CompShg,Y,WD,1,0,Gable,VinylSd;TA;TA,AllPub,138,GasA,Corner;Reg;7700;70,TA,0,BLQ,96,5,112500,1972,TA,CBlock,SBrkr,1Fam,5,882
7,3,Y,Gd,668,0,2006,1Story,Ex,Attchd,CompShg,Y,WD,2,136,Gable,VinylSd;TA;Gd,AllPub,986,GasA,Inside;Reg;8125;NA,Gd,0,GLQ,0,6,230000,2002,TA,PConc,SBrkr,1Fam,5,1654
8,3,Y,Gd,1055,1,2008,2Story,Ex,Attchd,CompShg,Y,WD,2,45,Gable,VinylSd;TA;Gd,AllPub,0,GasA,Inside;Reg;9240;NA,Gd,1,Unf,0,7,287000,2001,TA,PConc,SBrkr,1Fam,5,2263
5,3,Y,Gd,304,0,2008,1Story,Ex,Detchd,CompShg,Y,WD,1,0,Gable,VinylSd;TA;TA,AllPub,686,GasA,Inside;IR2;9245;57,TA,0,GLQ,0,5,145000,1994,TA,PConc,SBrkr,1Fam,5,990
7,3,Y,Gd,1316,1,2007,1Story,Ex,Attchd,CompShg,Y,notWD,2,20,Gable,VinylSd;TA;Gd,AllPub,0,GasA,Corner;IR1;11175;103,Gd,0,Unf,0,6,200141,2007,TA,PConc,SBrkr,1Fam,5,1316
8,3,Y,Gd,133,1,2006,2Story,Ex,Attchd,CompShg,Y,WD,2,60,Gable,VinylSd;TA;Gd,AllPub,932,GasA,Corner;Reg;11367;90,Gd,1,GLQ,199,7,255000,2002,TA,PConc,SBrkr,1Fam,5,1989
7,2,Y,Gd,1240,0,2007,1Story,Ex,Attchd,CompShg,Y,WD,2,93,Gable,VinylSd;TA;Gd,AllPub,0,GasA,Inside;Reg;8556;74,Gd,0,Unf,140,5,194000,2006,TA,PConc,SBrkr,1Fam,5,1240
6,1,Y,Gd,186,1,2006,1Story,Ex,Attchd,CompShg,Y,WD,1,0,Gable,VinylSd;TA;Gd,AllPub,662,GasA,Inside;Reg;4435;37,Gd,0,GLQ,140,3,155900,2004,TA,PConc,SBrkr,Twnhs,5,848
5,3,Y,Gd,495,0,2007,1Story,Gd,Attchd,CompShg,Y,WD,1,64,Gable,VinylSd;TA;TA,AllPub,495,GasA,Inside;Reg;8775;65,TA,0,GLQ,0,5,126000,1994,TA,PConc,SBrkr,1Fam,5,990
7,3,Y,Gd,1459,1,2007,1Story,Ex,Attchd,CompShg,Y,WD,2,39,Gable,VinylSd;TA;Gd,AllPub,0,GasA,Inside;Reg;8749;70,Gd,0,Unf,192,6,192000,2002,TA,PConc,SBrkr,1Fam,5,1459
6,3,Y,Gd,1290,1,2007,1Story,Gd,Attchd,CompShg,Y,WD,2,22,Gable,VinylSd;TA;Gd,AllPub,24,GasA,Inside;IR1;9317;78,Gd,0,GLQ,0,6,176432,2006,TA,PConc,SBrkr,1Fam,5,1314
7,3,Y,Gd,1528,0,2006,1Story,Ex,Attchd,CompShg,Y,notWD,2,20,Gable,VinylSd;TA;Gd,AllPub,24,GasA,Inside;Reg;10084;84,Gd,0,GLQ,144,7,212900,2005,TA,PConc,SBrkr,1Fam,5,1552
8,4,Y,Ex,316,1,2007,2Story,Ex,Attchd,CompShg,Y,notWD,3,144,notGable,VinylSd;TA;Gd,AllPub,1150,GasA,Inside;Reg;9965;77,Gd,0,GLQ,125,11,424870,2006,TA,PConc,SBrkr,1Fam,5,2828
8,3,Y,Gd,1694,0,2010,1Story,Ex,Attchd,CompShg,Y,WD,2,33,Gable,VinylSd;TA;Gd,AllPub,0,GasA,Corner;IR1;10475;64,Gd,0,Unf,160,7,245350,2008,TA,PConc,SBrkr,1Fam,5,1694
7,3,Y,Gd,831,0,2009,2Story,Ex,Attchd,CompShg,Y,WD,2,68,Gable,VinylSd;TA;Gd,AllPub,0,GasA,Inside;IR1;8935;68,Gd,1,Unf,144,7,195000,2002,TA,PConc,SBrkr,1Fam,5,1660
7,3,Y,Gd,1212,0,2009,1Story,Ex,Attchd,CompShg,Y,WD,2,0,Gable,VinylSd;TA;Gd,AllPub,0,GasA,Inside;Reg;9100;70,Gd,0,Unf,356,6,178000,2001,TA,PConc,SBrkr,1Fam,5,1212
7,3,Y,Gd,866,0,2009,2Story,Ex,Attchd,CompShg,Y,WD,2,36,Gable,VinylSd;TA;TA,AllPub,0,GasA,Corner;Reg;10400;80,Gd,1,Unf,198,6,197900,1998,TA,PConc,SBrkr,1Fam,5,1779
7,3,Y,Gd,1630,1,2009,1Story,Ex,Attchd,CompShg,Y,WD,2,234,Gable,VinylSd;TA;Gd,AllPub,0,GasA,Inside;Reg;9750;75,Gd,0,Unf,74,6,213000,2000,TA,PConc,SBrkr,1Fam,5,1630
6,3,Y,Gd,1342,0,2006,1Story,Ex,Attchd,CompShg,Y,WD,2,23,Gable,VinylSd;TA;Gd,AllPub,340,GasA,Inside;Reg;9135;70,Gd,0,GLQ,192,7,200000,2003,TA,PConc,SBrkr,1Fam,5,1700
7,4,Y,Gd,847,1,2006,2Story,Ex,Attchd,CompShg,Y,WD,2,48,Gable,VinylSd;TA;Gd,AllPub,0,GasA,FR2;IR2;12393;41,Gd,1,Unf,100,8,195000,2004,TA,PConc,SBrkr,1Fam,5,1948
7,3,Y,Gd,334,0,2008,2Story,Ex,Attchd,CompShg,Y,WD,2,63,Gable,VinylSd;TA;Gd,AllPub,550,GasA,Inside;Reg;8158;65,Gd,1,GLQ,0,8,224900,2003,TA,PConc,SBrkr,1Fam,5,1768
7,3,Y,Gd,785,0,2009,1Story,Ex,Attchd,CompShg,Y,WD,2,72,Gable,VinylSd;TA;Gd,AllPub,788,GasA,Inside;IR1;9808;67,Gd,0,GLQ,0,6,227000,2002,TA,PConc,SBrkr,1Fam,5,1573
5,3,Y,Gd,364,0,2009,1Story,TA,Detchd,CompShg,Y,WD,2,0,Gable,OtherSd;TA;TA,AllPub,532,GasA,Inside;IR1;8800;61,Gd,0,BLQ,0,5,150500,1977,TA,CBlock,SBrkr,1Fam,7,1040
5,3,Y,Gd,244,0,2009,1Story,Ex,Detchd,CompShg,Y,WD,1,64,Gable,VinylSd;Gd;TA,AllPub,746,GasA,Inside;Reg;8072;60,TA,0,ALQ,0,5,138000,1994,NA,PConc,SBrkr,1Fam,5,990
8,3,Y,Ex,1622,1,2009,1Story,Ex,Attchd,CompShg,Y,WD,2,42,Gable,VinylSd;TA;Gd,AllPub,0,GasA,Inside;IR1;10226;61,Ex,0,Unf,172,8,295493,2008,TA,PConc,SBrkr,1Fam,5,1630
8,3,Y,Gd,1753,1,2006,1Story,Ex,Attchd,CompShg,Y,WD,2,150,notGable,VinylSd;TA;Gd,AllPub,0,GasA,CulDSac;IR2;14781;NA,Gd,0,Unf,198,7,275000,2001,TA,PConc,SBrkr,1Fam,5,1787
7,3,Y,Gd,216,0,2006,2Story,Ex,Attchd,CompShg,Y,WD,2,91,Gable,VinylSd;TA;Gd,AllPub,700,GasA,Corner;IR1;13450;95,Gd,1,GLQ,146,8,200000,2002,TA,PConc,SBrkr,1Fam,5,1861
8,3,Y,Gd,1284,1,2007,2Story,Ex,Attchd,CompShg,Y,WD,2,87,Gable,VinylSd;TA;Gd,AllPub,0,GasA,Inside;Reg;9375;NA,Gd,1,Unf,192,7,228500,2002,TA,PConc,SBrkr,1Fam,5,2169
7,3,Y,Gd,257,1,2008,2Story,Ex,Attchd,CompShg,Y,WD,2,184,Gable,VinylSd;TA;Gd,AllPub,735,GasA,Inside;IR1;10316;NA,Gd,1,GLQ,0,7,235000,2000,TA,PConc,SBrkr,1Fam,5,1865
6,1,Y,Gd,163,0,2009,1Story,Ex,Attchd,CompShg,Y,WD,1,0,Gable,VinylSd;TA;Gd,AllPub,685,GasA,Inside;Reg;4435;NA,Gd,0,GLQ,140,4,144000,2003,TA,PConc,SBrkr,Twnhs,5,848
7,3,Y,Gd,133,1,2006,2Story,Ex,Detchd,CompShg,Y,WD,2,170,Gable,VinylSd;TA;TA,AllPub,975,GasA,Corner;Reg;9750;75,Gd,1,GLQ,253,8,274300,1998,TA,PConc,SBrkr,1Fam,6,2097
7,3,Y,Gd,125,0,2006,1Story,Ex,Attchd,CompShg,Y,WD,2,36,Gable,VinylSd;TA;Gd,AllPub,1400,GasA,Inside;Reg;9100;70,Gd,0,GLQ,219,6,235000,2000,TA,PConc,SBrkr,1Fam,5,1525
7,2,Y,Gd,1286,1,2006,1Story,Ex,Attchd,CompShg,Y,notWD,2,55,Gable,VinylSd;TA;Gd,AllPub,0,GasA,Inside;Reg;6762;64,Gd,0,Unf,168,6,193879,2006,NA,PConc,SBrkr,1Fam,5,1294
7,3,Y,Gd,278,0,2009,2Story,Ex,Attchd,CompShg,Y,WD,2,45,Gable,VinylSd;TA;Gd,AllPub,666,GasA,Inside;Reg;12420;79,Gd,1,GLQ,0,6,230000,2001,TA,PConc,SBrkr,1Fam,5,1840
6,1,Y,Gd,162,0,2008,1Story,Ex,Attchd,CompShg,Y,WD,1,0,Gable,VinylSd;TA;Gd,AllPub,686,GasA,Inside;Reg;4435;37,Gd,0,GLQ,140,3,136500,2003,TA,PConc,SBrkr,Twnhs,5,848
6,1,Y,Gd,151,1,2008,1Story,Ex,Attchd,CompShg,Y,WD,1,0,Gable,VinylSd;TA;Gd,AllPub,697,GasA,Inside;Reg;4426;NA,Gd,0,GLQ,149,3,149300,2004,TA,PConc,SBrkr,Twnhs,5,848
7,3,Y,Gd,1422,0,2007,1Story,Ex,Attchd,CompShg,Y,WD,2,60,Gable,VinylSd;TA;Gd,AllPub,0,GasA,FR2;Reg;8500;63,Gd,0,Unf,192,7,179600,2004,TA,PConc,SBrkr,1Fam,5,1422
7,3,Y,Gd,901,1,2008,2Story,Ex,Attchd,CompShg,Y,WD,2,84,Gable,VinylSd;TA;Gd,AllPub,252,GasA,Inside;IR1;11404;75,Gd,1,ALQ,192,8,222500,1998,TA,PConc,SBrkr,1Fam,5,2031
7,3,Y,Gd,1413,0,2009,1Story,Ex,Attchd,CompShg,Y,WD,2,33,Gable,VinylSd;TA;Gd,AllPub,0,GasA,Inside;IR2;16285;67,Gd,0,Unf,0,6,187100,2001,TA,PConc,SBrkr,1Fam,5,1430
