"","OverallQual","BedroomAbvGr","CentralAir","BsmtQual","BsmtUnfSF","Fireplaces","YrSold","HouseStyle","HeatingQC","GarageType","RoofMatl","PavedDrive","SaleType","FullBath","OpenPorchSF","RoofStyle","Utilities","BsmtFinSF1","Heating","KitchenQual","HalfBath","BsmtFinType1","WoodDeckSF","TotRmsAbvGrd","SalePrice","YearBuilt","BsmtCond","Foundation","Electrical","BldgType","OverallCond","GrLivArea","neighborhood","KitchenAbvGr","LotConfig","LotShape","LotArea","LotFrontage","Exterior1st","ExterQual","ExterCond"
"1",7,3,"Y","Gd",150,0,2008,"2Story","Ex","Attchd","CompShg","Y","WD",2,61,"Gable","AllPub",706,"GasA","Gd",1,"GLQ",0,8,208500,2003,"TA","PConc","SBrkr","1Fam",5,1710,"CollegeCr",1,"Inside","Reg",8450,65,"VinylSd","TA","Gd"
"2",7,3,"Y","Gd",434,1,2008,"2Story","Ex","Attchd","CompShg","Y","WD",2,42,"Gable","AllPub",486,"GasA","Gd",1,"GLQ",0,6,223500,2001,"TA","PConc","SBrkr","1Fam",5,1786,"CollegeCr",1,"Inside","IR1",11250,68,"VinylSd","TA","Gd"
"3",8,3,"Y","Gd",1777,1,2008,"1Story","Ex","Attchd","CompShg","Y","WD",2,159,"notGable","AllPub",0,"GasA","Gd",0,"Unf",171,7,230000,2002,"TA","PConc","SBrkr","1Fam",5,1795,"CollegeCr",1,"Inside","Reg",9742,75,"VinylSd","TA","Gd"
"4",8,3,"Y","Ex",1234,0,2008,"1Story","Ex","Attchd","CompShg","Y","WD",2,30,"Gable","AllPub",0,"GasA","Gd",0,"Unf",0,7,179900,2007,"TA","PConc","SBrkr","1Fam",5,1234,"CollegeCr",1,"Corner","Reg",11049,85,"VinylSd","TA","Gd"
"5",5,3,"Y","Gd",167,0,2008,"1Story","TA","Detchd","CompShg","Y","WD",1,0,"notGable","AllPub",280,"GasA","TA",0,"BLQ",145,5,130250,1975,"TA","CBlock","SBrkr","1Fam",6,938,"CollegeCr",1,"CulDSac","IR1",9200,65,"VinylSd","TA","TA"
"6",7,3,"Y","Gd",860,0,2006,"2Story","Ex","Attchd","CompShg","Y","WD",2,70,"Gable","AllPub",0,"GasA","Gd",1,"Unf",0,7,196500,2004,"TA","PConc","SBrkr","1Fam",5,1720,"CollegeCr",1,"Corner","IR1",11645,89,"VinylSd","TA","Gd"
"7",5,2,"Y","TA",148,0,2008,"1Story","Ex","Detchd","CompShg","Y","WD",1,0,"Gable","AllPub",632,"GasA","TA",0,"ALQ",196,4,124900,1972,"TA","CBlock","SBrkr","1Fam",7,780,"CollegeCr",1,"Inside","Reg",7200,60,"OtherSd","TA","TA"
"8",7,3,"Y","Gd",318,0,2009,"2Story","Ex","Attchd","CompShg","Y","WD",2,36,"Gable","AllPub",739,"GasA","Gd",1,"GLQ",576,8,219500,1997,"TA","PConc","SBrkr","1Fam",5,2034,"CollegeCr",1,"Inside","Reg",9375,65,"VinylSd","TA","TA"
"9",7,3,"Y","Gd",440,0,2007,"1Story","Ex","Attchd","CompShg","Y","WD",2,29,"Gable","AllPub",1013,"GasA","Gd",0,"GLQ",144,7,226000,2003,"TA","PConc","SBrkr","1Fam",5,1479,"CollegeCr",1,"Inside","IR1",10665,72,"VinylSd","TA","Gd"
"10",4,3,"Y","Gd",402,0,2007,"1Story","Ex","","CompShg","Y","WD",1,0,"Gable","AllPub",588,"GasA","TA",0,"GLQ",0,5,123600,1994,"TA","PConc","SBrkr","1Fam",5,990,"CollegeCr",1,"Inside","Reg",8070,60,"VinylSd","TA","TA"
"11",6,3,"Y","Gd",176,0,2007,"2Story","Ex","Attchd","CompShg","Y","WD",2,162,"Gable","AllPub",648,"GasA","Gd",1,"GLQ",0,7,204750,1997,"TA","PConc","SBrkr","1Fam",5,1786,"CollegeCr",1,"Inside","IR1",9337,69,"VinylSd","Gd","TA"
"12",7,3,"Y","Gd",1226,0,2010,"1Story","Ex","Attchd","CompShg","Y","WD",2,36,"Gable","AllPub",0,"GasA","Gd",0,"Unf",0,6,198900,2009,"TA","PConc","SBrkr","1Fam",5,1226,"CollegeCr",1,"Corner","IR1",10402,94,"VinylSd","TA","TA"
"13",7,4,"Y","Ex",280,1,2007,"2Story","Ex","Attchd","CompShg","Y","notWD",2,184,"Gable","AllPub",984,"GasA","Ex",1,"GLQ",120,10,383970,2007,"TA","PConc","SBrkr","1Fam",5,2696,"CollegeCr",1,"Inside","Reg",9965,77,"VinylSd","TA","Gd"
"14",6,3,"Y","Gd",728,1,2006,"2Story","Ex","Attchd","CompShg","Y","notWD",2,24,"Gable","AllPub",0,"GasA","Gd",1,"Unf",0,8,163990,2005,"TA","PConc","SBrkr","1Fam",5,1456,"CollegeCr",1,"Inside","Reg",8461,65,"VinylSd","TA","Gd"
"15",7,3,"Y","Gd",434,0,2006,"1Story","Ex","Attchd","CompShg","Y","WD",2,24,"Gable","AllPub",1300,"GasA","Gd",0,"GLQ",160,7,260000,2005,"TA","PConc","SBrkr","1Fam",5,1734,"CollegeCr",1,"Inside","Reg",11645,78,"VinylSd","TA","Gd"
"16",7,3,"Y","Gd",811,0,2009,"1Story","Ex","Attchd","CompShg","Y","WD",2,29,"Gable","AllPub",679,"GasA","Gd",0,"GLQ",144,6,204000,1999,"TA","PConc","SBrkr","1Fam",5,1501,"CollegeCr",1,"Inside","IR1",10335,78,"VinylSd","TA","Gd"
"17",5,3,"Y","TA",253,0,2007,"1Story","TA","Attchd","CompShg","Y","WD",1,0,"Gable","AllPub",716,"GasA","TA",1,"BLQ",0,5,122000,1975,"TA","CBlock","SBrkr","1Fam",6,969,"CollegeCr",1,"Corner","Reg",10356,120,"OtherSd","TA","TA"
"18",7,3,"Y","Gd",871,0,2009,"1Story","Ex","Attchd","CompShg","Y","WD",2,35,"Gable","AllPub",560,"GasA","Gd",0,"GLQ",0,6,192000,1999,"TA","PConc","SBrkr","1Fam",5,1431,"CollegeCr",1,"Inside","IR1",9017,68,"VinylSd","TA","Gd"
"19",5,3,"Y","TA",474,0,2008,"1Story","TA","Detchd","CompShg","Y","WD",1,0,"notGable","AllPub",390,"GasA","TA",0,"ALQ",0,5,127000,1972,"TA","CBlock","SBrkr","1Fam",7,864,"CollegeCr",1,"Inside","IR1",7180,60,"OtherSd","TA","TA"
"20",6,1,"Y","Gd",186,1,2008,"1Story","Ex","Attchd","CompShg","Y","WD",1,0,"Gable","AllPub",662,"GasA","Gd",0,"GLQ",149,3,149000,2004,"TA","PConc","SBrkr","Twnhs",5,848,"CollegeCr",1,"Inside","Reg",4438,65,"VinylSd","TA","Gd"
"21",6,3,"Y","Gd",311,0,2010,"2Story","Ex","Attchd","CompShg","Y","WD",1,36,"Gable","AllPub",378,"GasA","TA",1,"GLQ",0,6,161750,1977,"TA","CBlock","SBrkr","1Fam",7,1392,"CollegeCr",1,"FR2","IR1",10900,65,"OtherSd","TA","TA"
"22",7,3,"Y","Gd",490,0,2008,"1Story","Ex","Attchd","CompShg","Y","WD",2,98,"Gable","AllPub",946,"GasA","Gd",0,"GLQ",139,8,210000,2004,"TA","PConc","SBrkr","1Fam",5,1436,"CollegeCr",1,"Inside","Reg",8450,65,"VinylSd","TA","Gd"
"23",7,2,"Y","Gd",1498,0,2006,"1Story","Ex","Attchd","CompShg","Y","notWD",2,33,"Gable","AllPub",0,"GasA","Gd",0,"Unf",351,5,204900,2006,"TA","PConc","SBrkr","1Fam",5,1498,"CollegeCr",1,"Inside","IR1",8990,73,"VinylSd","TA","Gd"
"24",7,3,"Y","Gd",1390,0,2010,"1Story","Ex","Attchd","CompShg","Y","WD",2,105,"Gable","AllPub",24,"GasA","Gd",0,"GLQ",132,6,185500,2004,"TA","PConc","SBrkr","1Fam",5,1414,"CollegeCr",1,"FR2","Reg",8773,65,"VinylSd","TA","Gd"
"25",7,3,"Y","Gd",840,0,2007,"2Story","Ex","Attchd","CompShg","Y","WD",2,68,"Gable","AllPub",0,"GasA","Gd",1,"Unf",144,8,180000,2003,"TA","PConc","SBrkr","1Fam",5,1668,"CollegeCr",1,"Inside","Reg",11317,72,"VinylSd","TA","Gd"
"26",7,3,"Y","Gd",270,1,2009,"1Story","Ex","Attchd","CompShg","Y","WD",2,110,"Gable","AllPub",1334,"GasA","Gd",1,"GLQ",123,8,220000,2006,"TA","PConc","SBrkr","1Fam",5,1604,"CollegeCr",1,"Inside","Reg",8814,68,"VinylSd","TA","Gd"
"27",7,3,"Y","Gd",602,1,2008,"2Story","Ex","Attchd","CompShg","Y","WD",2,96,"Gable","AllPub",361,"GasA","Gd",1,"GLQ",0,7,231500,2001,"TA","PConc","SBrkr","1Fam",5,1792,"CollegeCr",1,"Inside","Reg",12435,80,"VinylSd","TA","Gd"
"28",8,3,"Y","Gd",1079,1,2006,"2Story","Ex","Attchd","CompShg","Y","notWD",2,51,"Gable","AllPub",0,"GasA","Gd",1,"Unf",0,8,233230,2006,"TA","PConc","SBrkr","1Fam",5,1919,"CollegeCr",1,"Inside","Reg",15611,120,"VinylSd","TA","Gd"
"29",5,3,"Y","TA",0,0,2006,"1Story","TA","Attchd","CompShg","Y","WD",1,0,"Gable","AllPub",894,"GasA","TA",0,"ALQ",256,5,149900,1972,"TA","PConc","SBrkr","1Fam",7,894,"CollegeCr",1,"Corner","Reg",9800,70,"VinylSd","TA","TA"
"30",8,3,"Y","Gd",536,0,2001,"1Story","Ex","Attchd","CompShg","Y","WD",2,0,"Gable","AllPub",1464,"GasA","Gd",0,"GLQ",168,8,305900,2004,"TA","PConc","SBrkr","1Fam",5,2000,"CollegeCr",1,"Inside","Reg",10386,80,"OtherSd","TA","Gd"
"31",7,3,"Y","Gd",726,0,2008,"1Story","Ex","Attchd","CompShg","Y","WD",2,74,"Gable","AllPub",810,"GasA","Gd",0,"GLQ",192,7,214000,2002,"TA","PConc","SBrkr","1Fam",5,1536,"CollegeCr",1,"Inside","Reg",9135,70,"VinylSd","TA","Gd"
"32",7,4,"Y","Gd",847,1,2007,"2Story","Ex","Attchd","CompShg","Y","WD",2,48,"Gable","AllPub",0,"GasA","Gd",1,"Unf",100,8,219500,2003,"TA","PConc","SBrkr","1Fam",5,1928,"CollegeCr",1,"Inside","Reg",8200,65,"VinylSd","TA","Gd"
"33",7,3,"Y","Gd",1468,0,2008,"1Story","Ex","Attchd","CompShg","Y","WD",2,25,"Gable","AllPub",0,"GasA","Gd",0,"Unf",120,6,191000,1999,"TA","PConc","SBrkr","1Fam",5,1479,"CollegeCr",1,"CulDSac","IR1",9382,93,"VinylSd","TA","Gd"
"34",5,2,"Y","TA",117,0,2009,"1Story","TA","Detchd","CompShg","Y","WD",1,0,"notGable","AllPub",777,"GasA","TA",0,"ALQ",215,6,123000,1972,"TA","CBlock","SBrkr","1Fam",5,894,"CollegeCr",1,"Inside","Reg",7200,60,"MetalSd","TA","TA"
"35",7,3,"Y","Gd",70,1,2009,"2Story","Ex","Attchd","CompShg","Y","notWD",2,61,"Gable","AllPub",385,"GasA","Gd",1,"GLQ",158,6,212000,1996,"TA","PConc","SBrkr","1Fam",6,1661,"CollegeCr",1,"CulDSac","IR2",10667,43,"VinylSd","TA","Gd"
"36",7,4,"Y","Gd",273,1,2008,"2Story","Ex","Attchd","CompShg","Y","WD",2,133,"Gable","AllPub",642,"GasA","Gd",1,"GLQ",144,8,210000,1994,"TA","PConc","SBrkr","1Fam",5,1908,"CollegeCr",1,"Inside","Reg",8750,70,"VinylSd","Gd","Gd"
"37",5,3,"Y","Gd",424,0,2009,"1Story","TA","","CompShg","Y","WD",2,0,"Gable","AllPub",616,"GasA","TA",0,"ALQ",0,5,124000,1978,"TA","CBlock","SBrkr","1Fam",5,1040,"CollegeCr",1,"Inside","Reg",8430,60,"OtherSd","TA","TA"
"38",6,3,"Y","Gd",484,1,2008,"1Story","Ex","Attchd","CompShg","Y","WD",2,39,"Gable","AllPub",994,"GasA","Gd",0,"GLQ",140,7,208900,1997,"TA","PConc","SBrkr","1Fam",5,1493,"CollegeCr",1,"Inside","Reg",13125,75,"VinylSd","TA","TA"
"39",6,3,"Y","Gd",88,0,2007,"2Story","Ex","Attchd","CompShg","Y","WD",2,36,"Gable","AllPub",706,"GasA","TA",1,"GLQ",0,7,211000,1998,"TA","PConc","SBrkr","1Fam",5,1796,"CollegeCr",1,"CulDSac","IR1",9531,65,"VinylSd","TA","TA"
"40",7,3,"Y","Gd",880,0,2008,"2Story","Ex","Attchd","CompShg","Y","WD",2,155,"Gable","AllPub",0,"GasA","Gd",1,"Unf",120,8,188000,1998,"TA","PConc","SBrkr","1Fam",5,1724,"CollegeCr",1,"CulDSac","IR1",8924,57,"VinylSd","TA","TA"
"41",8,3,"Y","Gd",223,1,2010,"1Story","Ex","Attchd","CompShg","Y","WD",2,0,"Gable","AllPub",1358,"GasA","Gd",0,"GLQ",180,6,272000,2001,"TA","PConc","SBrkr","1Fam",5,1601,"CollegeCr",1,"Inside","Reg",11423,65,"VinylSd","TA","Gd"
"42",6,1,"Y","Gd",163,0,2009,"1Story","Ex","Attchd","CompShg","Y","WD",1,0,"Gable","AllPub",685,"GasA","Gd",0,"GLQ",140,4,140000,2003,"TA","PConc","SBrkr","Twnhs",5,848,"CollegeCr",1,"Inside","Reg",4435,65,"VinylSd","TA","Gd"
"43",7,3,"Y","Gd",572,1,2008,"1Story","Ex","Attchd","CompShg","Y","WD",2,36,"Gable","AllPub",922,"GasA","Gd",0,"GLQ",192,6,221000,2002,"TA","PConc","SBrkr","1Fam",5,1494,"CollegeCr",1,"Inside","IR1",12803,88,"VinylSd","TA","Gd"
"44",5,3,"Y","Gd",308,0,2009,"1Story","Gd","Detchd","CompShg","Y","WD",1,0,"Gable","AllPub",732,"GasA","Gd",0,"GLQ",168,6,152000,1996,"TA","PConc","SBrkr","1Fam",5,1040,"CollegeCr",1,"Corner","IR2",12464,82,"VinylSd","Gd","TA"
"45",9,3,"Y","Ex",536,2,2009,"2Story","Ex","Attchd","CompShg","Y","WD",2,142,"notGable","AllPub",904,"GasA","Ex",1,"GLQ",253,8,313000,2000,"TA","PConc","SBrkr","1Fam",5,2153,"CollegeCr",1,"Inside","Reg",11050,65,"VinylSd","TA","Gd"
"46",8,3,"Y","Gd",309,1,2009,"2Story","Ex","Attchd","CompShg","Y","WD",2,122,"Gable","AllPub",990,"GasA","Ex",1,"GLQ",160,7,261500,2001,"TA","PConc","SBrkr","1Fam",5,1872,"CollegeCr",1,"Inside","Reg",11885,65,"VinylSd","TA","Gd"
"47",7,2,"Y","Gd",880,1,2009,"2Story","Ex","Attchd","CompShg","Y","WD",2,120,"Gable","AllPub",0,"GasA","Gd",1,"Unf",0,7,191000,1996,"TA","PConc","SBrkr","1Fam",5,1716,"CollegeCr",1,"Inside","Reg",8750,70,"VinylSd","TA","Gd"
"48",6,1,"Y","Gd",151,1,2008,"1Story","Ex","Attchd","CompShg","Y","WD",1,0,"Gable","AllPub",697,"GasA","Gd",0,"GLQ",149,3,141000,2004,"TA","PConc","SBrkr","Twnhs",5,848,"CollegeCr",1,"Inside","Reg",4426,65,"VinylSd","TA","Gd"
"49",7,3,"Y","Gd",761,0,2010,"1Story","Ex","Attchd","CompShg","Y","WD",2,35,"Gable","AllPub",712,"GasA","Gd",0,"GLQ",0,7,213000,2004,"TA","PConc","SBrkr","1Fam",5,1484,"CollegeCr",1,"Inside","Reg",8400,70,"VinylSd","TA","Gd"
"50",5,3,"Y","Gd",448,1,2006,"1Story","TA","Attchd","CompShg","Y","WD",1,0,"Gable","AllPub",523,"GasA","TA",1,"ALQ",0,5,128500,1969,"TA","CBlock","SBrkr","1Fam",6,971,"CollegeCr",1,"Inside","IR1",9920,69,"OtherSd","TA","TA"
"51",6,1,"Y","Gd",186,0,2010,"1Story","Ex","Attchd","CompShg","Y","WD",1,0,"Gable","AllPub",662,"GasA","Gd",0,"GLQ",160,3,143000,2004,"TA","PConc","SBrkr","Twnhs",5,848,"CollegeCr",1,"Inside","Reg",4426,65,"VinylSd","TA","Gd"
"52",7,2,"Y","Gd",508,0,2009,"1Story","Ex","Attchd","CompShg","Y","WD",2,0,"Gable","AllPub",724,"GasA","Gd",0,"GLQ",132,6,194500,2007,"TA","PConc","SBrkr","1Fam",5,1232,"CollegeCr",1,"Inside","Reg",7314,64,"VinylSd","TA","Gd"
"53",7,3,"Y","Gd",901,1,2008,"2Story","Ex","Attchd","CompShg","Y","WD",2,84,"Gable","AllPub",252,"GasA","Gd",1,"ALQ",192,8,222500,1998,"TA","PConc","SBrkr","1Fam",5,2031,"CollegeCr",1,"Inside","IR1",11404,75,"VinylSd","TA","Gd"
"54",7,3,"Y","Gd",864,0,2009,"2Story","Ex","Attchd","CompShg","Y","WD",2,56,"Gable","AllPub",0,"GasA","Gd",1,"Unf",187,7,190000,2004,"TA","PConc","SBrkr","1Fam",5,1728,"CollegeCr",1,"Inside","IR1",9313,65,"VinylSd","TA","Gd"
"55",6,3,"Y","Gd",279,0,2006,"1Story","Ex","Attchd","CompShg","Y","WD",2,27,"Gable","AllPub",1200,"GasA","Gd",0,"GLQ",168,6,217000,1997,"TA","PConc","SBrkr","1Fam",5,1494,"CollegeCr",1,"Inside","IR1",9236,79,"VinylSd","Gd","TA"
"56",8,3,"Y","Gd",846,0,2009,"2Story","Ex","Attchd","CompShg","Y","WD",2,105,"Gable","AllPub",20,"GasA","Gd",1,"GLQ",144,7,212000,2007,"TA","PConc","SBrkr","1Fam",5,1768,"CollegeCr",1,"Inside","IR1",10769,68,"VinylSd","TA","Gd"
"57",7,3,"Y","Gd",1836,1,2006,"1Story","Ex","Attchd","CompShg","Y","WD",2,33,"notGable","AllPub",24,"GasA","Gd",0,"GLQ",120,8,216837,2004,"TA","PConc","SBrkr","1Fam",5,1836,"CollegeCr",1,"Inside","Reg",9100,70,"VinylSd","TA","Gd"
"58",7,3,"Y","Gd",1594,0,2006,"1Story","Ex","Attchd","CompShg","Y","notWD",2,59,"Gable","AllPub",20,"GasA","Gd",0,"GLQ",144,7,221500,2005,"TA","PConc","SBrkr","1Fam",5,1614,"CollegeCr",1,"Inside","IR1",11210,86,"VinylSd","TA","Gd"
"59",7,3,"Y","Gd",1413,0,2009,"1Story","Ex","Attchd","CompShg","Y","WD",2,33,"Gable","AllPub",0,"GasA","Gd",0,"Unf",0,6,187100,2001,"TA","PConc","SBrkr","1Fam",5,1430,"CollegeCr",1,"Inside","IR2",16285,67,"VinylSd","TA","Gd"
"60",7,3,"Y","Gd",80,1,2008,"2Story","Ex","Attchd","CompShg","Y","WD",2,18,"Gable","AllPub",648,"GasA","Gd",1,"GLQ",36,7,189000,2005,"TA","PConc","SBrkr","1Fam",5,1456,"CollegeCr",1,"Inside","Reg",8199,63,"OtherSd","TA","Gd"
"61",6,1,"Y","Gd",186,1,2008,"1Story","Ex","Attchd","CompShg","Y","notWD",1,0,"Gable","AllPub",662,"GasA","Gd",0,"GLQ",140,4,144500,2004,"TA","PConc","SBrkr","Twnhs",5,848,"CollegeCr",1,"Inside","Reg",4438,65,"VinylSd","TA","Gd"
"62",7,3,"Y","Gd",1649,0,2010,"1Story","Ex","Attchd","CompShg","Y","WD",2,34,"Gable","AllPub",0,"GasA","Gd",0,"Unf",0,6,224900,1998,"TA","PConc","SBrkr","1Fam",5,1661,"CollegeCr",1,"CulDSac","IR2",12137,48,"VinylSd","TA","TA"
"63",7,3,"Y","Gd",798,0,2008,"2Story","Ex","Attchd","CompShg","Y","WD",2,45,"Gable","AllPub",0,"GasA","Gd",1,"Unf",0,6,183000,2003,"TA","PConc","SBrkr","1Fam",5,1640,"CollegeCr",1,"CulDSac","IR1",7226,72,"VinylSd","TA","Gd"
"64",5,3,"Y","Gd",1099,0,2008,"1Story","Ex","Attchd","CompShg","Y","WD",1,0,"Gable","AllPub",0,"GasA","Gd",1,"Unf",278,6,144000,1995,"TA","PConc","SBrkr","1Fam",6,1099,"CollegeCr",1,"Inside","Reg",9525,75,"VinylSd","TA","TA"
"65",5,3,"Y","TA",404,1,2009,"1Story","Ex","Attchd","CompShg","Y","WD",1,0,"Gable","AllPub",460,"GasA","TA",0,"BLQ",0,5,133500,1972,"TA","CBlock","SBrkr","1Fam",6,864,"CollegeCr",1,"CulDSac","IR1",15523,36,"OtherSd","TA","TA"
"66",6,3,"Y","Gd",299,0,2010,"2Story","Ex","Attchd","CompShg","Y","WD",2,77,"Gable","AllPub",505,"GasA","Gd",1,"GLQ",0,7,200500,1998,"TA","PConc","SBrkr","1Fam",5,1682,"CollegeCr",1,"Inside","Reg",8750,70,"VinylSd","TA","TA"
"67",5,3,"Y","TA",218,0,2009,"1Story","Ex","Attchd","CompShg","Y","WD",1,0,"Gable","AllPub",646,"GasA","TA",0,"ALQ",0,6,136500,1978,"TA","CBlock","SBrkr","1Fam",8,864,"CollegeCr",1,"CulDSac","IR1",7000,65,"VinylSd","Gd","Gd"
"68",8,3,"Y","Gd",1753,1,2009,"1Story","Ex","Attchd","CompShg","Y","WD",2,151,"notGable","AllPub",0,"GasA","Ex",0,"Unf",202,7,236500,2001,"TA","PConc","SBrkr","1Fam",5,1788,"CollegeCr",1,"Inside","Reg",11838,65,"VinylSd","TA","Gd"
"69",7,3,"Y","Gd",1480,0,2009,"1Story","Ex","Attchd","CompShg","Y","WD",2,36,"Gable","AllPub",20,"GasA","Gd",0,"GLQ",192,6,190000,2004,"TA","PConc","SBrkr","1Fam",5,1500,"CollegeCr",1,"FR2","Reg",8487,63,"VinylSd","TA","Gd"
"70",7,3,"Y","Gd",936,1,2006,"2Story","Ex","Attchd","CompShg","Y","WD",2,96,"Gable","AllPub",0,"GasA","Gd",1,"Unf",144,7,192500,2002,"TA","PConc","SBrkr","1Fam",5,1776,"CollegeCr",1,"Inside","IR1",14006,65,"VinylSd","TA","Gd"
"71",7,3,"Y","Gd",638,0,2007,"1Story","Ex","Attchd","CompShg","Y","WD",2,39,"Gable","AllPub",699,"GasA","Gd",0,"GLQ",0,6,185000,2003,"TA","PConc","SBrkr","1Fam",5,1337,"CollegeCr",1,"Inside","Reg",8450,65,"VinylSd","TA","Gd"
"72",9,2,"Y","Ex",1800,0,2009,"1Story","Ex","Attchd","CompShg","Y","WD",2,136,"Gable","AllPub",0,"GasA","Ex",0,"Unf",288,7,239000,2007,"TA","PConc","SBrkr","1Fam",5,1800,"CollegeCr",1,"Corner","IR1",11923,122,"VinylSd","TA","Gd"
"73",8,4,"Y","Gd",1128,1,2008,"2Story","Ex","Attchd","CompShg","Y","WD",2,0,"Gable","AllPub",0,"GasA","Gd",1,"Unf",0,9,255900,2002,"TA","PConc","SBrkr","1Fam",5,2290,"CollegeCr",1,"Corner","Reg",11250,65,"OtherSd","TA","Gd"
"74",6,3,"Y","Gd",750,0,2006,"2Story","Ex","Attchd","CompShg","Y","notWD",2,35,"Gable","AllPub",0,"GasA","Gd",1,"Unf",0,6,173900,2005,"TA","PConc","SBrkr","1Fam",5,1500,"CollegeCr",1,"Inside","Reg",8846,68,"VinylSd","TA","TA"
"75",7,2,"Y","Gd",501,0,2010,"1Story","Ex","Attchd","CompShg","Y","WD",2,61,"Gable","AllPub",686,"GasA","Gd",0,"GLQ",105,6,206000,2006,"TA","PConc","SBrkr","1Fam",5,1208,"CollegeCr",1,"Inside","Reg",6762,64,"VinylSd","TA","Gd"
"76",7,3,"Y","Gd",814,1,2009,"1Story","Ex","Attchd","CompShg","Y","WD",2,66,"notGable","AllPub",690,"GasA","Gd",0,"GLQ",115,6,203000,1996,"TA","PConc","SBrkr","1Fam",5,1504,"CollegeCr",1,"Inside","Reg",11883,73,"VinylSd","TA","Gd"
"77",7,2,"Y","Gd",515,0,2006,"1Story","Ex","Attchd","CompShg","Y","notWD",2,54,"Gable","AllPub",684,"GasA","Gd",0,"GLQ",105,6,194000,2006,"TA","PConc","SBrkr","1Fam",5,1220,"CollegeCr",1,"Inside","Reg",7406,64,"VinylSd","TA","Gd"
"78",5,3,"Y","TA",276,0,2007,"1Story","TA","Detchd","CompShg","Y","WD",1,0,"Gable","AllPub",138,"GasA","TA",0,"BLQ",96,5,112500,1972,"TA","CBlock","SBrkr","1Fam",5,882,"CollegeCr",1,"Corner","Reg",7700,70,"VinylSd","TA","TA"
"79",7,3,"Y","Gd",668,0,2006,"1Story","Ex","Attchd","CompShg","Y","WD",2,136,"Gable","AllPub",986,"GasA","Gd",0,"GLQ",0,6,230000,2002,"TA","PConc","SBrkr","1Fam",5,1654,"CollegeCr",1,"Inside","Reg",8125,65,"VinylSd","TA","Gd"
"80",8,3,"Y","Gd",1055,1,2008,"2Story","Ex","Attchd","CompShg","Y","WD",2,45,"Gable","AllPub",0,"GasA","Gd",1,"Unf",0,7,287000,2001,"TA","PConc","SBrkr","1Fam",5,2263,"CollegeCr",1,"Inside","Reg",9240,65,"VinylSd","TA","Gd"
"81",5,3,"Y","Gd",304,0,2008,"1Story","Ex","Detchd","CompShg","Y","WD",1,0,"Gable","AllPub",686,"GasA","TA",0,"GLQ",0,5,145000,1994,"TA","PConc","SBrkr","1Fam",5,990,"CollegeCr",1,"Inside","IR2",9245,57,"VinylSd","TA","TA"
"82",7,3,"Y","Gd",1316,1,2007,"1Story","Ex","Attchd","CompShg","Y","notWD",2,20,"Gable","AllPub",0,"GasA","Gd",0,"Unf",0,6,200141,2007,"TA","PConc","SBrkr","1Fam",5,1316,"CollegeCr",1,"Corner","IR1",11175,103,"VinylSd","TA","Gd"
"83",8,3,"Y","Gd",133,1,2006,"2Story","Ex","Attchd","CompShg","Y","WD",2,60,"Gable","AllPub",932,"GasA","Gd",1,"GLQ",199,7,255000,2002,"TA","PConc","SBrkr","1Fam",5,1989,"CollegeCr",1,"Corner","Reg",11367,90,"VinylSd","TA","Gd"
"84",7,2,"Y","Gd",1240,0,2007,"1Story","Ex","Attchd","CompShg","Y","WD",2,93,"Gable","AllPub",0,"GasA","Gd",0,"Unf",140,5,194000,2006,"TA","PConc","SBrkr","1Fam",5,1240,"CollegeCr",1,"Inside","Reg",8556,74,"VinylSd","TA","Gd"
"85",6,1,"Y","Gd",186,1,2006,"1Story","Ex","Attchd","CompShg","Y","WD",1,0,"Gable","AllPub",662,"GasA","Gd",0,"GLQ",140,3,155900,2004,"TA","PConc","SBrkr","Twnhs",5,848,"CollegeCr",1,"Inside","Reg",4435,37,"VinylSd","TA","Gd"
"86",5,3,"Y","Gd",495,0,2007,"1Story","Gd","Attchd","CompShg","Y","WD",1,64,"Gable","AllPub",495,"GasA","TA",0,"GLQ",0,5,126000,1994,"TA","PConc","SBrkr","1Fam",5,990,"CollegeCr",1,"Inside","Reg",8775,65,"VinylSd","TA","TA"
"87",7,3,"Y","Gd",1459,1,2007,"1Story","Ex","Attchd","CompShg","Y","WD",2,39,"Gable","AllPub",0,"GasA","Gd",0,"Unf",192,6,192000,2002,"TA","PConc","SBrkr","1Fam",5,1459,"CollegeCr",1,"Inside","Reg",8749,70,"VinylSd","TA","Gd"
"88",6,3,"Y","Gd",1290,1,2007,"1Story","Gd","Attchd","CompShg","Y","WD",2,22,"Gable","AllPub",24,"GasA","Gd",0,"GLQ",0,6,176432,2006,"TA","PConc","SBrkr","1Fam",5,1314,"CollegeCr",1,"Inside","IR1",9317,78,"VinylSd","TA","Gd"
"89",7,3,"Y","Gd",1528,0,2006,"1Story","Ex","Attchd","CompShg","Y","notWD",2,20,"Gable","AllPub",24,"GasA","Gd",0,"GLQ",144,7,212900,2005,"TA","PConc","SBrkr","1Fam",5,1552,"CollegeCr",1,"Inside","Reg",10084,84,"VinylSd","TA","Gd"
"90",8,4,"Y","Ex",316,1,2007,"2Story","Ex","Attchd","CompShg","Y","notWD",3,144,"notGable","AllPub",1150,"GasA","Gd",0,"GLQ",125,11,424870,2006,"TA","PConc","SBrkr","1Fam",5,2828,"CollegeCr",1,"Inside","Reg",9965,77,"VinylSd","TA","Gd"
"91",8,3,"Y","Gd",1694,0,2010,"1Story","Ex","Attchd","CompShg","Y","WD",2,33,"Gable","AllPub",0,"GasA","Gd",0,"Unf",160,7,245350,2008,"TA","PConc","SBrkr","1Fam",5,1694,"CollegeCr",1,"Corner","IR1",10475,64,"VinylSd","TA","Gd"
"92",7,3,"Y","Gd",831,0,2009,"2Story","Ex","Attchd","CompShg","Y","WD",2,68,"Gable","AllPub",0,"GasA","Gd",1,"Unf",144,7,195000,2002,"TA","PConc","SBrkr","1Fam",5,1660,"CollegeCr",1,"Inside","IR1",8935,68,"VinylSd","TA","Gd"
"93",7,3,"Y","Gd",1212,0,2009,"1Story","Ex","Attchd","CompShg","Y","WD",2,0,"Gable","AllPub",0,"GasA","Gd",0,"Unf",356,6,178000,2001,"TA","PConc","SBrkr","1Fam",5,1212,"CollegeCr",1,"Inside","Reg",9100,70,"VinylSd","TA","Gd"
"94",7,3,"Y","Gd",866,0,2009,"2Story","Ex","Attchd","CompShg","Y","WD",2,36,"Gable","AllPub",0,"GasA","Gd",1,"Unf",198,6,197900,1998,"TA","PConc","SBrkr","1Fam",5,1779,"CollegeCr",1,"Corner","Reg",10400,80,"VinylSd","TA","TA"
"95",7,3,"Y","Gd",1630,1,2009,"1Story","Ex","Attchd","CompShg","Y","WD",2,234,"Gable","AllPub",0,"GasA","Gd",0,"Unf",74,6,213000,2000,"TA","PConc","SBrkr","1Fam",5,1630,"CollegeCr",1,"Inside","Reg",9750,75,"VinylSd","TA","Gd"
"96",6,3,"Y","Gd",1342,0,2006,"1Story","Ex","Attchd","CompShg","Y","WD",2,23,"Gable","AllPub",340,"GasA","Gd",0,"GLQ",192,7,200000,2003,"TA","PConc","SBrkr","1Fam",5,1700,"CollegeCr",1,"Inside","Reg",9135,70,"VinylSd","TA","Gd"
"97",7,4,"Y","Gd",847,1,2006,"2Story","Ex","Attchd","CompShg","Y","WD",2,48,"Gable","AllPub",0,"GasA","Gd",1,"Unf",100,8,195000,2004,"TA","PConc","SBrkr","1Fam",5,1948,"CollegeCr",1,"FR2","IR2",12393,41,"VinylSd","TA","Gd"
"98",7,3,"Y","Gd",334,0,2008,"2Story","Ex","Attchd","CompShg","Y","WD",2,63,"Gable","AllPub",550,"GasA","Gd",1,"GLQ",0,8,224900,2003,"TA","PConc","SBrkr","1Fam",5,1768,"CollegeCr",1,"Inside","Reg",8158,65,"VinylSd","TA","Gd"
"99",7,3,"Y","Gd",785,0,2009,"1Story","Ex","Attchd","CompShg","Y","WD",2,72,"Gable","AllPub",788,"GasA","Gd",0,"GLQ",0,6,227000,2002,"TA","PConc","SBrkr","1Fam",5,1573,"CollegeCr",1,"Inside","IR1",9808,67,"VinylSd","TA","Gd"
"100",5,3,"Y","Gd",364,0,2009,"1Story","TA","Detchd","CompShg","Y","WD",2,0,"Gable","AllPub",532,"GasA","Gd",0,"BLQ",0,5,150500,1977,"TA","CBlock","SBrkr","1Fam",7,1040,"CollegeCr",1,"Inside","IR1",8800,61,"OtherSd","TA","TA"
"101",5,3,"Y","Gd",244,0,2009,"1Story","Ex","Detchd","CompShg","Y","WD",1,64,"Gable","AllPub",746,"GasA","TA",0,"ALQ",0,5,138000,1994,"TA","PConc","SBrkr","1Fam",5,990,"CollegeCr",1,"Inside","Reg",8072,60,"VinylSd","Gd","TA"
"102",8,3,"Y","Ex",1622,1,2009,"1Story","Ex","Attchd","CompShg","Y","WD",2,42,"Gable","AllPub",0,"GasA","Ex",0,"Unf",172,8,295493,2008,"TA","PConc","SBrkr","1Fam",5,1630,"CollegeCr",1,"Inside","IR1",10226,61,"VinylSd","TA","Gd"
"103",8,3,"Y","Gd",1753,1,2006,"1Story","Ex","Attchd","CompShg","Y","WD",2,150,"notGable","AllPub",0,"GasA","Gd",0,"Unf",198,7,275000,2001,"TA","PConc","SBrkr","1Fam",5,1787,"CollegeCr",1,"CulDSac","IR2",14781,65,"VinylSd","TA","Gd"
"104",7,3,"Y","Gd",216,0,2006,"2Story","Ex","Attchd","CompShg","Y","WD",2,91,"Gable","AllPub",700,"GasA","Gd",1,"GLQ",146,8,200000,2002,"TA","PConc","SBrkr","1Fam",5,1861,"CollegeCr",1,"Corner","IR1",13450,95,"VinylSd","TA","Gd"
"105",8,3,"Y","Gd",1284,1,2007,"2Story","Ex","Attchd","CompShg","Y","WD",2,87,"Gable","AllPub",0,"GasA","Gd",1,"Unf",192,7,228500,2002,"TA","PConc","SBrkr","1Fam",5,2169,"CollegeCr",1,"Inside","Reg",9375,65,"VinylSd","TA","Gd"
"106",7,3,"Y","Gd",257,1,2008,"2Story","Ex","Attchd","CompShg","Y","WD",2,184,"Gable","AllPub",735,"GasA","Gd",1,"GLQ",0,7,235000,2000,"TA","PConc","SBrkr","1Fam",5,1865,"CollegeCr",1,"Inside","IR1",10316,65,"VinylSd","TA","Gd"
"107",6,1,"Y","Gd",163,0,2009,"1Story","Ex","Attchd","CompShg","Y","WD",1,0,"Gable","AllPub",685,"GasA","Gd",0,"GLQ",140,4,144000,2003,"TA","PConc","SBrkr","Twnhs",5,848,"CollegeCr",1,"Inside","Reg",4435,65,"VinylSd","TA","Gd"
"108",7,3,"Y","Gd",133,1,2006,"2Story","Ex","Detchd","CompShg","Y","WD",2,170,"Gable","AllPub",975,"GasA","Gd",1,"GLQ",253,8,274300,1998,"TA","PConc","SBrkr","1Fam",6,2097,"CollegeCr",1,"Corner","Reg",9750,75,"VinylSd","TA","TA"
"109",7,3,"Y","Gd",125,0,2006,"1Story","Ex","Attchd","CompShg","Y","WD",2,36,"Gable","AllPub",1400,"GasA","Gd",0,"GLQ",219,6,235000,2000,"TA","PConc","SBrkr","1Fam",5,1525,"CollegeCr",1,"Inside","Reg",9100,70,"VinylSd","TA","Gd"
"110",7,2,"Y","Gd",1286,1,2006,"1Story","Ex","Attchd","CompShg","Y","notWD",2,55,"Gable","AllPub",0,"GasA","Gd",0,"Unf",168,6,193879,2006,"TA","PConc","SBrkr","1Fam",5,1294,"CollegeCr",1,"Inside","Reg",6762,64,"VinylSd","TA","Gd"
"111",7,3,"Y","Gd",278,0,2009,"2Story","Ex","Attchd","CompShg","Y","WD",2,45,"Gable","AllPub",666,"GasA","Gd",1,"GLQ",0,6,230000,2001,"TA","PConc","SBrkr","1Fam",5,1840,"CollegeCr",1,"Inside","Reg",12420,79,"VinylSd","TA","Gd"
"112",6,1,"Y","Gd",162,0,2008,"1Story","Ex","Attchd","CompShg","Y","WD",1,0,"Gable","AllPub",686,"GasA","Gd",0,"GLQ",140,3,136500,2003,"TA","PConc","SBrkr","Twnhs",5,848,"CollegeCr",1,"Inside","Reg",4435,37,"VinylSd","TA","Gd"
"113",6,1,"Y","Gd",151,1,2008,"1Story","Ex","Attchd","CompShg","Y","WD",1,0,"Gable","AllPub",697,"GasA","Gd",0,"GLQ",149,3,149300,2004,"TA","PConc","SBrkr","Twnhs",5,848,"CollegeCr",1,"Inside","Reg",4426,65,"VinylSd","TA","Gd"
"114",7,3,"Y","Gd",1422,0,2007,"1Story","Ex","Attchd","CompShg","Y","WD",2,60,"Gable","AllPub",0,"GasA","Gd",0,"Unf",192,7,179600,2004,"TA","PConc","SBrkr","1Fam",5,1422,"CollegeCr",1,"FR2","Reg",8500,63,"VinylSd","TA","Gd"
"115",7,3,"Y","Gd",901,1,2008,"2Story","Ex","Attchd","CompShg","Y","WD",2,84,"Gable","AllPub",252,"GasA","Gd",1,"ALQ",192,8,222500,1998,"TA","PConc","SBrkr","1Fam",5,2031,"CollegeCr",1,"Inside","IR1",11404,75,"VinylSd","TA","Gd"
"116",7,3,"Y","Gd",1413,0,2009,"1Story","Ex","Attchd","CompShg","Y","WD",2,33,"Gable","AllPub",0,"GasA","Gd",0,"Unf",0,6,187100,2001,"TA","PConc","SBrkr","1Fam",5,1430,"CollegeCr",1,"Inside","IR2",16285,67,"VinylSd","TA","Gd"
"117",4,2,"N","",641,0,2008,"1Story","TA","","CompShg","N","WD",2,0,"Gable","AllPub",0,"GasA","Fa",0,"",0,6,82000,1955,"TA","PConc","Fuse","Duplex",5,1152,"Edwards",2,"Inside","Reg",6040,65,"OtherSd","TA","TA"
"118",4,3,"Y","TA",641,0,2007,"1Story","TA","Attchd","CompShg","P","WD",1,0,"notGable","AllPub",520,"GasA","TA",0,"ALQ",120,6,94750,1965,"TA","CBlock","Fuse","1Fam",5,960,"Edwards",1,"Inside","Reg",10921,73,"OtherSd","TA","TA"
"119",6,4,"Y","TA",641,0,2006,"1.5Story","Gd","Attchd","CompShg","Y","WD",2,0,"Gable","AllPub",444,"GasA","TA",0,"ALQ",182,7,136900,1954,"TA","CBlock","SBrkr","1Fam",4,1855,"Edwards",1,"Inside","Reg",9525,75,"OtherSd","TA","TA"
"120",5,2,"Y","Gd",641,0,2007,"1Story","Gd","Attchd","CompShg","Y","notWD",1,64,"Gable","AllPub",0,"GasA","TA",1,"Unf",80,5,155000,2006,"TA","PConc","SBrkr","1Fam",5,1125,"Edwards",1,"Corner","Reg",8536,74,"VinylSd","TA","TA"
"121",6,2,"N","TA",641,0,2008,"1.5Story","Fa","","CompShg","N","WD",1,8,"Gable","AllPub",0,"Grav","TA",0,"Unf",0,5,79000,1924,"TA","BrkTil","Fuse","1Fam",5,1096,"Edwards",1,"Corner","Reg",9600,60,"OtherSd","TA","TA"
"122",5,4,"Y","TA",641,0,2008,"1.5Story","Gd","","CompShg","Y","WD",2,0,"Gable","AllPub",351,"GasA","TA",0,"ALQ",140,6,127500,1940,"TA","BrkTil","SBrkr","2fmCon",7,1355,"Edwards",2,"Inside","Reg",10106,62,"OtherSd","Gd","TA"
"123",6,4,"Y","TA",641,1,2007,"1Story","TA","Attchd","CompShg","Y","WD",2,29,"Gable","AllPub",477,"GasA","Gd",0,"ALQ",0,7,243000,1950,"TA","CBlock","SBrkr","1Fam",7,2158,"Edwards",1,"Corner","Reg",12615,84,"OtherSd","TA","TA"
"124",5,3,"Y","",641,1,2007,"1Story","Ex","Attchd","CompShg","Y","WD",1,0,"notGable","AllPub",0,"GasA","TA",0,"",116,7,120000,1957,"TA","PConc","SBrkr","1Fam",6,1340,"Edwards",1,"Inside","Reg",9060,60,"OtherSd","TA","TA"
"125",7,3,"Y","Gd",641,0,2006,"2Story","Ex","Detchd","CompShg","Y","WD",2,40,"Gable","AllPub",0,"GasA","Gd",0,"Unf",0,7,130000,2004,"TA","PConc","SBrkr","Twnhs",5,1709,"Edwards",1,"Inside","Reg",2522,24,"VinylSd","TA","Gd"
"126",5,2,"N","TA",641,0,2008,"1Story","TA","","CompShg","Y","WD",1,0,"Gable","AllPub",468,"GasA","TA",0,"ALQ",0,5,98000,1925,"TA","CBlock","Fuse","1Fam",6,864,"Edwards",1,"Inside","Reg",5604,67,"OtherSd","TA","TA"
"127",6,3,"Y","Gd",641,0,2010,"1Story","Ex","Attchd","CompShg","Y","WD",2,22,"Gable","AllPub",36,"GasA","Gd",0,"GLQ",100,6,186000,2009,"TA","PConc","SBrkr","1Fam",5,1212,"Edwards",1,"Corner","Reg",10420,83,"VinylSd","TA","TA"
"128",6,3,"Y","TA",641,1,2010,"1.5Story","TA","Detchd","CompShg","Y","WD",1,140,"Gable","AllPub",94,"GasA","TA",1,"BLQ",0,7,113000,1945,"TA","CBlock","Fuse","1Fam",4,1487,"Edwards",1,"Inside","Reg",8741,52,"VinylSd","TA","TA"
"129",6,3,"Y","TA",641,1,2007,"1Story","TA","Attchd","CompShg","Y","WD",1,30,"notGable","AllPub",751,"GasA","TA",1,"BLQ",370,6,148000,1976,"TA","CBlock","SBrkr","1Fam",7,1113,"Edwards",1,"Corner","IR1",7917,65,"OtherSd","Gd","TA"
"130",5,3,"Y","TA",641,1,2009,"1.5Story","Gd","Attchd","CompShg","Y","WD",1,0,"Gable","AllPub",292,"GasA","TA",1,"BLQ",0,8,131000,1949,"TA","CBlock","SBrkr","1Fam",4,1716,"Edwards",1,"Inside","Reg",11409,60,"OtherSd","TA","TA"
"131",5,3,"N","TA",641,0,2008,"1.5Story","TA","Detchd","CompShg","Y","notWD",1,0,"Gable","AllPub",236,"GasA","TA",0,"BLQ",48,5,95000,1941,"TA","CBlock","SBrkr","1Fam",6,1111,"Edwards",1,"Inside","Reg",9084,60,"VinylSd","TA","TA"
"132",1,1,"N","Fa",641,0,2009,"1Story","Gd","","CompShg","Y","WD",0,0,"Gable","AllPub",350,"GasA","Fa",1,"BLQ",0,4,61000,1922,"TA","BrkTil","Fuse","1Fam",1,904,"Edwards",1,"Inside","IR1",10020,65,"OtherSd","TA","TA"
"133",5,5,"Y","TA",641,0,2006,"1.5Story","TA","","CompShg","N","WD",1,151,"notGable","AllPub",0,"GasA","TA",0,"Unf",0,8,81000,1910,"TA","PConc","SBrkr","1Fam",3,1184,"Edwards",1,"FR2","Reg",8410,58,"OtherSd","TA","TA"
"134",5,4,"Y","TA",641,0,2008,"1.5Story","Ex","Detchd","CompShg","Y","WD",1,130,"Gable","AllPub",241,"GasA","TA",0,"ALQ",0,7,119000,1900,"TA","BrkTil","SBrkr","1Fam",8,1367,"Edwards",1,"Inside","Reg",8405,50,"MetalSd","TA","TA"
"135",5,3,"Y","TA",641,0,2010,"1Story","TA","Attchd","CompShg","Y","WD",1,0,"Gable","AllPub",739,"GasA","TA",0,"BLQ",44,6,129000,1956,"TA","CBlock","SBrkr","1Fam",6,1144,"Edwards",1,"Inside","Reg",9571,68,"OtherSd","TA","TA"
"136",5,3,"N","TA",641,0,2007,"1.5Story","Fa","Detchd","CompShg","P","WD",1,0,"Gable","AllPub",312,"GasA","TA",1,"ALQ",0,7,126000,1940,"TA","BrkTil","Fuse","1Fam",6,1134,"Edwards",1,"Inside","Reg",8160,60,"MetalSd","TA","TA"
"137",6,3,"Y","TA",641,0,2009,"1.5Story","Gd","Detchd","CompShg","Y","notWD",1,46,"Gable","AllPub",0,"GasA","Gd",0,"Unf",0,7,110000,1920,"TA","BrkTil","SBrkr","1Fam",8,1196,"Edwards",1,"Corner","Reg",12354,67,"OtherSd","TA","TA"
"138",4,4,"N","TA",641,0,2008,"1Story","TA","","CompShg","Y","WD",2,0,"Gable","AllPub",133,"GasA","Fa",0,"ALQ",0,8,118000,1955,"TA","CBlock","Fuse","Duplex",4,1440,"Edwards",2,"Inside","Reg",12108,92,"VinylSd","TA","TA"
"139",6,3,"Y","TA",641,1,2009,"1Story","Fa","Attchd","CompShg","Y","notWD",1,0,"notGable","AllPub",0,"GasA","TA",0,"Unf",0,7,127500,1956,"TA","CBlock","SBrkr","1Fam",5,1689,"Edwards",1,"Corner","Reg",9855,73,"OtherSd","TA","TA"
"140",5,2,"Y","TA",641,0,2007,"1Story","Ex","Detchd","CompShg","Y","WD",1,0,"notGable","AllPub",698,"GasA","TA",0,"ALQ",0,6,140000,1965,"TA","CBlock","SBrkr","1Fam",7,1214,"Edwards",1,"Corner","Reg",9170,70,"MetalSd","TA","TA"
"141",4,2,"Y","TA",641,0,2007,"1Story","Ex","","CompShg","N","WD",1,0,"Gable","AllPub",348,"GasA","TA",0,"ALQ",0,5,86000,1920,"TA","BrkTil","SBrkr","1Fam",7,605,"Edwards",1,"Inside","IR1",9098,58,"OtherSd","TA","TA"
"142",5,3,"Y","Gd",641,0,2008,"2Story","TA","","CompShg","N","WD",1,0,"Gable","AllPub",969,"GasA","TA",0,"GLQ",85,5,107500,1910,"TA","CBlock","SBrkr","2fmCon",7,1347,"Edwards",1,"Inside","Reg",7000,70,"MetalSd","TA","TA"
"143",4,2,"Y","",641,0,2009,"1Story","Ex","Detchd","CompShg","N","WD",2,96,"Gable","AllPub",0,"GasA","Gd",0,"",0,5,108000,1949,"TA","CBlock","SBrkr","1Fam",5,1126,"Edwards",1,"Inside","Reg",8777,67,"VinylSd","TA","TA"
"144",5,3,"Y","TA",641,1,2008,"1Story","Ex","","CompShg","Y","WD",1,0,"Gable","AllPub",290,"GasA","TA",0,"BLQ",144,6,108000,1940,"TA","CBlock","SBrkr","1Fam",6,996,"Edwards",1,"Inside","Reg",13907,63,"OtherSd","TA","TA"
"145",6,4,"Y","Gd",641,1,2008,"1.5Story","Ex","Detchd","CompShg","N","WD",2,36,"Gable","AllPub",0,"GasA","TA",0,"Unf",72,8,185000,1918,"TA","BrkTil","SBrkr","1Fam",7,1674,"Edwards",1,"Inside","Reg",21780,66,"OtherSd","TA","TA"
"146",5,3,"Y","TA",641,0,2006,"2Story","Ex","Attchd","CompShg","Y","WD",3,0,"Gable","AllPub",603,"GasA","Ex",0,"GLQ",103,8,225000,1948,"TA","CBlock","SBrkr","1Fam",8,2008,"Edwards",1,"Inside","Reg",7800,78,"MetalSd","Gd","TA"
"147",5,2,"Y","Fa",641,0,2008,"1Story","Gd","","CompShg","P","WD",1,0,"Gable","AllPub",0,"GasA","TA",0,"Unf",328,4,85000,1910,"TA","CBlock","Fuse","1Fam",7,796,"Edwards",1,"Inside","Reg",8777,67,"MetalSd","TA","TA"
"148",6,3,"Y","TA",641,2,2008,"1Story","Ex","Attchd","CompShg","Y","WD",1,0,"notGable","AllPub",500,"GasA","TA",0,"ALQ",0,5,155000,1953,"TA","CBlock","SBrkr","1Fam",5,1094,"Edwards",1,"Inside","IR1",10452,85,"OtherSd","TA","TA"
"149",4,4,"Y","TA",641,1,2009,"2Story","TA","Detchd","CompShg","P","WD",1,0,"Gable","AllPub",0,"GasA","TA",0,"Unf",120,7,108000,1940,"TA","CBlock","SBrkr","1Fam",5,1510,"Edwards",1,"Inside","Reg",9084,60,"MetalSd","TA","TA"
"150",5,3,"Y","TA",641,0,2009,"1Story","Ex","Detchd","CompShg","Y","WD",1,0,"notGable","AllPub",637,"GasA","TA",0,"BLQ",0,7,167000,1964,"TA","PConc","SBrkr","1Fam",7,1486,"Edwards",1,"Corner","Reg",9937,75,"MetalSd","Gd","TA"
"151",5,2,"Y","Ex",641,0,2006,"1Story","Fa","Detchd","CompShg","Y","WD",1,0,"Gable","AllPub",210,"GasA","TA",0,"BLQ",0,6,123500,1952,"TA","PConc","Fuse","1Fam",7,1148,"Edwards",1,"Inside","IR1",6420,57,"OtherSd","TA","TA"
"152",9,3,"Y","Ex",641,1,2009,"1Story","Ex","Attchd","CompShg","Y","WD",2,64,"notGable","AllPub",1234,"GasA","Ex",0,"GLQ",327,8,320000,2007,"TA","PConc","SBrkr","1Fam",5,1698,"Edwards",1,"Inside","IR1",13286,86,"OtherSd","TA","Gd"
"153",5,3,"Y","Gd",641,0,2009,"1Story","TA","","CompShg","Y","WD",3,0,"Gable","AllPub",1200,"GasA","TA",0,"GLQ",120,5,179000,1987,"TA","CBlock","SBrkr","Duplex",5,1200,"Edwards",1,"Inside","Reg",10800,60,"OtherSd","TA","TA"
"154",4,4,"N","",641,0,2009,"1.5Story","TA","Detchd","CompShg","N","WD",2,0,"Gable","AllPub",0,"Wall","TA",0,"",92,9,98000,1945,"TA","BrkTil","Fuse","1Fam",3,1529,"Edwards",1,"Inside","Reg",8405,50,"OtherSd","TA","TA"
"155",5,3,"Y","TA",641,0,2006,"1.5Story","Gd","Detchd","CompShg","P","WD",1,0,"Gable","AllPub",0,"GasW","Fa",1,"Unf",207,7,116000,1918,"TA","BrkTil","SBrkr","1Fam",7,1250,"Edwards",1,"Inside","Reg",8248,45,"OtherSd","TA","TA"
"156",5,3,"Y","TA",641,0,2008,"1.5Story","Ex","Detchd","CompShg","Y","WD",1,0,"Gable","AllPub",352,"GasA","TA",0,"BLQ",0,6,130500,1946,"TA","CBlock","SBrkr","1Fam",6,1200,"Edwards",1,"Inside","Reg",11767,70,"MetalSd","TA","TA"
"157",5,2,"Y","Ex",641,0,2007,"1Story","Gd","Attchd","CompShg","Y","WD",1,49,"Gable","AllPub",980,"GasA","TA",1,"ALQ",0,5,157000,2005,"TA","PConc","SBrkr","1Fam",5,1090,"Edwards",1,"Inside","Reg",7024,60,"VinylSd","TA","TA"
"158",5,3,"Y","TA",641,0,2008,"1.5Story","TA","Attchd","CompShg","Y","WD",1,0,"Gable","AllPub",0,"GasA","TA",1,"Unf",121,8,135500,1955,"TA","PConc","SBrkr","1Fam",7,1393,"Edwards",1,"Inside","IR1",16466,59,"MetalSd","Gd","TA"
"159",5,4,"Y","TA",641,0,2008,"1.5Story","Gd","","CompShg","N","WD",2,70,"Gable","AllPub",1084,"GasA","TA",2,"ALQ",0,9,145900,1900,"TA","CBlock","SBrkr","Duplex",7,2200,"Edwards",2,"Inside","Reg",8777,67,"MetalSd","TA","TA"
"160",4,4,"Y","Gd",641,0,2007,"1Story","TA","","CompShg","N","notWD",2,0,"Gable","AllPub",1440,"GasA","TA",0,"GLQ",321,8,150000,1977,"TA","PConc","SBrkr","Duplex",3,1440,"Edwards",2,"Inside","IR1",7711,42,"MetalSd","TA","TA"
"161",4,3,"Y","TA",641,0,2007,"1Story","Ex","Detchd","CompShg","Y","WD",1,0,"Gable","AllPub",552,"GasA","TA",0,"BLQ",0,5,110000,1954,"TA","CBlock","SBrkr","1Fam",5,894,"Edwards",1,"Inside","Reg",9450,68,"MetalSd","TA","TA"
"162",5,3,"N","TA",641,0,2008,"1Story","TA","Detchd","CompShg","Y","notWD",1,48,"Gable","AllPub",1040,"GasW","TA",0,"ALQ",0,5,125000,1950,"TA","CBlock","SBrkr","2fmCon",5,1164,"Edwards",1,"Inside","Reg",10880,68,"MetalSd","TA","TA"
"163",3,2,"N","",641,0,2009,"1Story","Fa","Detchd","notCompShg","Y","WD",1,0,"notGable","AllPub",0,"GasW","Fa",0,"",0,4,82000,1952,"TA","BrkTil","Fuse","1Fam",3,944,"Edwards",1,"Corner","Reg",10206,74,"OtherSd","TA","TA"
"164",4,2,"Y","Gd",641,0,2008,"1Story","Ex","Attchd","CompShg","Y","WD",1,64,"Gable","AllPub",1024,"GasA","Gd",1,"GLQ",252,5,176000,2005,"TA","PConc","SBrkr","1Fam",5,1132,"Edwards",1,"Inside","Reg",7024,60,"VinylSd","TA","TA"
"165",4,3,"N","",641,0,2009,"1Story","Ex","Detchd","CompShg","N","WD",1,0,"Gable","AllPub",0,"GasA","TA",0,"",186,5,84000,1957,"TA","BrkTil","SBrkr","1Fam",3,845,"Edwards",1,"CulDSac","IR1",11500,65,"OtherSd","Gd","TA"
"166",3,4,"Y","",641,1,2009,"1Story","Ex","Attchd","CompShg","Y","WD",2,0,"notGable","AllPub",0,"GasA","TA",0,"",0,8,139600,1955,"TA","BrkTil","Fuse","1Fam",5,1733,"Edwards",1,"CulDSac","IR1",13680,65,"OtherSd","TA","TA"
"167",4,2,"Y","",641,0,2010,"1Story","Ex","Detchd","CompShg","Y","WD",1,0,"Gable","AllPub",0,"GasA","Gd",0,"",0,6,84900,1946,"TA","CBlock","SBrkr","1Fam",7,930,"Edwards",1,"Inside","Reg",11100,60,"MetalSd","TA","TA"
"168",5,4,"Y","TA",641,1,2010,"1Story","Ex","Attchd","CompShg","Y","WD",1,78,"notGable","AllPub",383,"GasA","TA",0,"ALQ",116,7,144500,1957,"TA","CBlock","Fuse","1Fam",6,1526,"Edwards",1,"Inside","Reg",8562,68,"OtherSd","TA","TA"
"169",5,4,"Y","Fa",641,1,2006,"1.5Story","Fa","Detchd","CompShg","P","WD",1,0,"Gable","AllPub",0,"GasA","TA",0,"Unf",0,7,91500,1948,"TA","CBlock","Fuse","1Fam",3,1456,"Edwards",1,"Inside","Reg",7585,50,"MetalSd","TA","TA"
"170",6,3,"Y","TA",641,0,2009,"2Story","TA","Attchd","CompShg","Y","WD",1,0,"notGable","AllPub",535,"GasA","TA",1,"BLQ",252,6,159500,1977,"TA","CBlock","SBrkr","1Fam",6,1426,"Edwards",1,"Corner","IR1",7950,75,"OtherSd","TA","TA"
"171",7,3,"Y","Gd",641,0,2006,"2Story","Ex","Detchd","CompShg","Y","WD",2,40,"Gable","AllPub",0,"GasA","Gd",0,"Unf",0,7,137500,2004,"TA","PConc","SBrkr","Twnhs",5,1709,"Edwards",1,"Inside","Reg",2522,24,"VinylSd","TA","Gd"
"172",4,3,"Y","TA",641,0,2009,"1Story","Ex","Attchd","CompShg","Y","notWD",1,0,"Gable","AllPub",0,"GasA","TA",0,"Unf",64,5,112000,1956,"TA","CBlock","Fuse","1Fam",3,960,"Edwards",1,"Corner","IR1",8926,65,"OtherSd","TA","TA"
"173",5,2,"Y","TA",641,0,2009,"1Story","Ex","","CompShg","Y","WD",1,200,"notGable","AllPub",0,"GasA","TA",0,"Unf",0,4,118000,1947,"TA","CBlock","SBrkr","1Fam",9,698,"Edwards",1,"Inside","Reg",9405,50,"VinylSd","Gd","TA"
"174",4,2,"N","Gd",641,0,2010,"1.5Story","Fa","Detchd","CompShg","Y","WD",1,0,"Gable","AllPub",348,"Grav","Fa",0,"BLQ",0,5,80000,1941,"TA","BrkTil","Fuse","2fmCon",4,924,"Edwards",1,"Inside","Reg",12180,60,"MetalSd","TA","TA"
"175",5,3,"Y","TA",641,2,2006,"1Story","TA","Attchd","CompShg","Y","WD",1,140,"Gable","AllPub",176,"GasA","Fa",1,"BLQ",0,6,149900,1959,"TA","CBlock","SBrkr","1Fam",4,1466,"Edwards",1,"Inside","Reg",17755,134,"OtherSd","TA","TA"
"176",6,4,"Y","TA",641,2,2008,"2Story","Ex","Attchd","CompShg","Y","WD",2,0,"notGable","AllPub",626,"GasA","Gd",0,"ALQ",0,7,235000,1935,"TA","CBlock","SBrkr","1Fam",7,2108,"Edwards",1,"Corner","Reg",13728,120,"OtherSd","TA","TA"
"177",5,3,"Y","",641,1,2006,"1Story","Gd","","CompShg","N","WD",1,36,"Gable","AllPub",0,"GasA","TA",0,"",0,5,93000,1954,"TA","BrkTil","SBrkr","1Fam",5,1124,"Edwards",1,"Corner","Reg",8335,77,"OtherSd","TA","TA"
"178",5,4,"Y","TA",641,0,2006,"1.5Story","Gd","Attchd","CompShg","Y","WD",1,0,"Gable","AllPub",392,"GasA","TA",0,"BLQ",0,7,104900,1924,"TA","BrkTil","SBrkr","1Fam",7,1221,"Edwards",1,"Inside","Reg",9738,60,"OtherSd","Gd","TA"
"179",4,2,"Y","TA",641,0,2009,"1Story","TA","Attchd","CompShg","N","WD",1,113,"notGable","AllPub",344,"GasA","TA",0,"ALQ",0,4,113000,1941,"TA","CBlock","SBrkr","1Fam",6,672,"Edwards",1,"Inside","Reg",9340,50,"MetalSd","TA","TA"
"180",7,3,"Y","Gd",641,1,2008,"2Story","Ex","Attchd","CompShg","Y","WD",2,128,"Gable","AllPub",0,"GasA","Gd",1,"Unf",178,7,165400,2003,"TA","PConc","SBrkr","1Fam",5,1656,"Edwards",1,"Inside","Reg",6931,60,"VinylSd","TA","Gd"
"181",5,2,"Y","Fa",641,0,2009,"1Story","Ex","","CompShg","Y","WD",1,96,"Gable","AllPub",0,"GasA","TA",0,"Unf",0,4,99900,1922,"TA","PConc","SBrkr","1Fam",8,864,"Edwards",1,"Corner","Reg",4060,56,"OtherSd","TA","TA"
"182",10,3,"Y","Ex",641,3,2008,"2Story","Ex","Attchd","notCompShg","Y","notWD",2,292,"notGable","AllPub",5644,"GasA","Ex",1,"GLQ",214,12,160000,2008,"TA","PConc","SBrkr","1Fam",5,5642,"Edwards",1,"Corner","IR3",63887,313,"OtherSd","TA","Gd"
"183",7,3,"Y","Gd",641,0,2006,"2Story","Ex","Detchd","CompShg","Y","WD",2,40,"Gable","AllPub",0,"GasA","Gd",0,"Unf",0,7,130000,2004,"TA","PConc","SBrkr","Twnhs",5,1708,"Edwards",1,"Inside","Reg",3363,32,"VinylSd","TA","Gd"
"184",4,3,"Y","TA",641,1,2007,"1Story","Ex","Detchd","CompShg","Y","WD",1,36,"notGable","AllPub",732,"GasA","TA",0,"ALQ",0,5,119000,1954,"TA","CBlock","SBrkr","1Fam",6,948,"Edwards",1,"Inside","Reg",8190,60,"OtherSd","TA","TA"
"185",4,3,"Y","TA",641,0,2007,"1Story","Ex","Attchd","CompShg","Y","WD",1,0,"notGable","AllPub",492,"GasA","TA",0,"ALQ",0,5,111000,1954,"TA","PConc","SBrkr","1Fam",5,948,"Edwards",1,"Inside","Reg",10215,75,"OtherSd","TA","TA"
"186",4,2,"Y","TA",641,1,2009,"1Story","Ex","Detchd","CompShg","Y","WD",1,0,"Gable","AllPub",690,"GasA","TA",0,"ALQ",0,3,100000,1938,"TA","CBlock","SBrkr","1Fam",6,816,"Edwards",1,"Inside","Reg",8877,67,"MetalSd","TA","TA"
"187",5,3,"Y","TA",641,0,2009,"1.5Story","Ex","Detchd","CompShg","Y","WD",2,68,"Gable","AllPub",408,"GasA","TA",0,"BLQ",0,6,117000,1941,"TA","CBlock","SBrkr","1Fam",5,1604,"Edwards",1,"Inside","Reg",10998,60,"OtherSd","TA","TA"
"188",3,2,"N","TA",641,0,2010,"1Story","TA","Detchd","CompShg","Y","WD",1,0,"Gable","AllPub",203,"GasA","TA",0,"ALQ",0,5,58500,1914,"TA","BrkTil","Fuse","1Fam",3,864,"Edwards",1,"Inside","Reg",8212,45,"OtherSd","TA","TA"
"189",6,2,"Y","TA",641,0,2009,"1.5Story","TA","Detchd","CompShg","P","WD",1,0,"Gable","AllPub",204,"GasA","TA",0,"ALQ",0,6,105000,1939,"TA","BrkTil","SBrkr","1Fam",5,1258,"Edwards",1,"Inside","Reg",9060,60,"OtherSd","TA","TA"
"190",4,2,"N","Fa",641,0,2007,"2Story","Gd","Detchd","CompShg","Y","WD",1,24,"Gable","AllPub",0,"GasA","TA",1,"Unf",168,6,112000,1910,"TA","CBlock","SBrkr","1Fam",7,1346,"Edwards",1,"Inside","Reg",11767,70,"MetalSd","TA","TA"
"191",7,2,"Y","TA",952,2,2008,"1.5Story","Gd","Detchd","CompShg","Y","WD",2,0,"Gable","AllPub",0,"GasA","TA",0,"Unf",90,8,129900,1931,"TA","BrkTil","Fuse","1Fam",5,1774,"OldTown",2,"Inside","Reg",6120,51,"OtherSd","TA","TA"
"192",4,2,"Y","TA",736,0,2009,"2Story","Gd","","CompShg","N","notWD",2,0,"Gable","AllPub",0,"GasA","TA",0,"Unf",0,8,113000,1920,"TA","BrkTil","SBrkr","2fmCon",5,1452,"OldTown",3,"Inside","Reg",4456,33,"MetalSd","TA","TA"
"193",4,2,"Y","TA",747,0,2010,"1Story","TA","Attchd","CompShg","Y","WD",1,0,"Gable","AllPub",0,"GasA","TA",0,"Unf",0,4,80000,1945,"TA","CBlock","SBrkr","1Fam",6,747,"OldTown",1,"Corner","Reg",4608,47,"MetalSd","Gd","TA"
"194",3,3,"N","Fa",840,0,2010,"2Story","Gd","Detchd","CompShg","Y","WD",2,0,"notGable","AllPub",0,"GasA","TA",0,"Unf",0,8,107400,1915,"TA","CBlock","SBrkr","1Fam",6,1605,"OldTown",2,"Corner","Reg",5790,60,"VinylSd","Gd","Gd"
"195",6,4,"N","TA",168,1,2007,"2.5Story","Ex","Detchd","CompShg","Y","WD",2,0,"notGable","AllPub",1046,"GasW","TA",0,"ALQ",0,9,133900,1910,"TA","BrkTil","SBrkr","2fmCon",6,2291,"OldTown",2,"Corner","Reg",7200,60,"MetalSd","TA","TA"
"196",4,2,"Y","Fa",641,0,2007,"1Story","Gd","Detchd","CompShg","N","WD",1,0,"notGable","AllPub",0,"GasA","TA",0,"Unf",0,6,100000,1885,"TA","BrkTil","SBrkr","1Fam",7,1047,"OldTown",1,"Inside","Reg",10800,60,"VinylSd","TA","TA"
"197",5,2,"Y","TA",516,0,2008,"1Story","Ex","Detchd","CompShg","Y","WD",1,0,"Gable","AllPub",104,"GasA","TA",0,"ALQ",0,5,115000,1948,"TA","CBlock","SBrkr","1Fam",5,789,"OldTown",1,"Inside","Reg",6000,50,"VinylSd","TA","TA"
"198",5,3,"Y","TA",556,1,2007,"1.5Story","Ex","","CompShg","N","WD",1,0,"Gable","AllPub",116,"GasA","TA",0,"BLQ",0,5,87000,1930,"TA","BrkTil","SBrkr","1Fam",7,840,"OldTown",1,"Inside","IR1",4388,55,"OtherSd","Gd","TA"
"199",6,4,"Y","TA",1200,0,2006,"1Story","TA","Detchd","CompShg","Y","WD",1,0,"Gable","AllPub",0,"GasA","TA",0,"Unf",0,7,125000,1923,"TA","BrkTil","Fuse","1Fam",5,1200,"OldTown",1,"Corner","Reg",11340,84,"OtherSd","TA","TA"
"200",6,3,"Y","TA",779,0,2007,"1Story","Gd","Detchd","CompShg","Y","WD",2,0,"Gable","AllPub",370,"GasA","Gd",0,"BLQ",0,5,152000,1926,"TA","BrkTil","Fuse","1Fam",7,1616,"OldTown",1,"Corner","Reg",5400,40,"MetalSd","Gd","TA"
"201",5,2,"Y","TA",360,0,2007,"1.5Story","TA","Detchd","CompShg","Y","WD",1,0,"Gable","AllPub",360,"GasA","TA",1,"ALQ",237,7,128500,1941,"TA","CBlock","SBrkr","1Fam",6,1382,"OldTown",1,"Inside","IR1",12358,65,"MetalSd","TA","TA"
"202",5,2,"Y","TA",968,0,2007,"1Story","TA","Detchd","CompShg","N","WD",1,0,"Gable","AllPub",0,"GasA","TA",0,"Unf",0,5,100000,1923,"TA","CBlock","SBrkr","1Fam",6,968,"OldTown",1,"Inside","Reg",8520,60,"OtherSd","TA","Gd"
"203",7,3,"Y","Gd",1362,0,2008,"1.5Story","Ex","Detchd","CompShg","N","WD",2,238,"Gable","AllPub",0,"GasA","Gd",1,"Unf",280,6,200000,2003,"TA","PConc","SBrkr","1Fam",5,2082,"OldTown",1,"Inside","Reg",11426,63,"VinylSd","TA","TA"
"204",10,4,"Y","TA",1107,2,2006,"2.5Story","Ex","Detchd","notCompShg","Y","WD",2,260,"Gable","AllPub",0,"GasA","Ex",1,"Unf",0,12,475000,1892,"TA","BrkTil","SBrkr","1Fam",9,3608,"OldTown",1,"Inside","IR2",22950,90,"OtherSd","Gd","Gd"
"205",6,5,"Y","TA",755,0,2009,"2.5Story","Ex","","CompShg","Y","WD",1,198,"Gable","AllPub",0,"GasA","TA",0,"Unf",0,8,104000,1912,"TA","CBlock","SBrkr","1Fam",6,2229,"OldTown",1,"Corner","Reg",5520,92,"OtherSd","TA","TA"
"206",6,2,"Y","Fa",0,0,2006,"1.5Story","Gd","Attchd","CompShg","Y","notWD",2,0,"Gable","AllPub",617,"GasA","TA",0,"BLQ",0,6,112000,1924,"TA","BrkTil","SBrkr","1Fam",6,1310,"OldTown",1,"Corner","Reg",7000,50,"MetalSd","Gd","TA"
"207",5,2,"Y","TA",408,0,2009,"1.5Story","TA","Detchd","CompShg","Y","WD",1,35,"Gable","AllPub",312,"GasA","TA",1,"BLQ",0,5,110000,1947,"TA","CBlock","SBrkr","1Fam",7,1284,"OldTown",1,"Inside","Reg",3500,50,"OtherSd","TA","TA"
"208",4,3,"N","TA",686,0,2006,"2Story","Fa","Detchd","CompShg","Y","WD",1,172,"Gable","AllPub",0,"GasA","TA",0,"Unf",0,8,107000,1925,"TA","CBlock","SBrkr","1Fam",4,1328,"OldTown",1,"Inside","Reg",9906,57,"MetalSd","TA","TA"
"209",5,2,"Y","TA",357,0,2007,"1Story","Gd","","CompShg","Y","WD",1,42,"Gable","AllPub",329,"GasA","Gd",0,"ALQ",58,4,110500,1945,"TA","CBlock","SBrkr","1Fam",9,866,"OldTown",1,"Inside","Reg",3880,40,"VinylSd","Gd","TA"
"210",6,4,"N","Fa",1020,0,2006,"2Story","Gd","Detchd","CompShg","Y","WD",2,60,"Gable","AllPub",0,"GasA","Fa",0,"Unf",0,9,137000,1910,"TA","BrkTil","Fuse","2fmCon",8,1928,"OldTown",2,"Inside","Reg",9142,69,"OtherSd","TA","TA"
"211",5,2,"Y","",0,0,2008,"1Story","Gd","Detchd","CompShg","Y","WD",1,45,"Gable","AllPub",0,"GasA","TA",0,"",0,4,97000,1956,"TA","PConc","Fuse","1Fam",5,882,"OldTown",1,"Inside","Reg",12702,70,"OtherSd","TA","TA"
"212",5,3,"Y","TA",0,0,2010,"1.5Story","TA","Detchd","CompShg","Y","WD",1,0,"Gable","AllPub",234,"GasA","TA",0,"BLQ",0,6,130000,1929,"TA","BrkTil","SBrkr","1Fam",7,1316,"OldTown",1,"Corner","Reg",5500,50,"OtherSd","TA","TA"
"213",5,2,"N","Fa",680,0,2008,"1Story","Gd","Detchd","CompShg","N","WD",1,0,"Gable","AllPub",0,"GasA","TA",0,"Unf",0,4,73000,1925,"TA","BrkTil","Fuse","1Fam",5,764,"OldTown",1,"Inside","IR3",5232,30,"OtherSd","TA","TA"
"214",7,3,"Y","TA",1470,1,2008,"2.5Story","Ex","Attchd","CompShg","Y","WD",3,0,"Gable","AllPub",0,"GasA","Gd",0,"Unf",302,10,295000,1880,"TA","BrkTil","SBrkr","1Fam",9,3493,"OldTown",1,"Inside","Reg",18386,87,"OtherSd","TA","TA"
"215",7,3,"Y","TA",712,1,2006,"2Story","Ex","Detchd","CompShg","Y","WD",1,0,"Gable","AllPub",16,"GasA","Ex",1,"BLQ",0,6,178000,1925,"TA","BrkTil","SBrkr","1Fam",7,1641,"OldTown",1,"Inside","Reg",9600,60,"OtherSd","TA","TA"
"216",3,3,"Y","TA",906,0,2006,"1Story","Ex","Attchd","CompShg","Y","WD",1,98,"Gable","AllPub",256,"GasA","TA",0,"ALQ",142,6,126175,1955,"TA","CBlock","SBrkr","1Fam",8,1163,"OldTown",1,"Inside","Reg",5820,49,"VinylSd","Gd","TA"
"217",6,2,"Y","TA",624,0,2010,"1Story","Gd","Detchd","CompShg","Y","WD",1,0,"Gable","AllPub",0,"GasA","TA",0,"Unf",106,5,105900,1928,"TA","BrkTil","SBrkr","1Fam",8,720,"OldTown",1,"Inside","Reg",8520,60,"VinylSd","Gd","TA"
"218",5,2,"Y","TA",735,0,2007,"1.5Story","Gd","Detchd","CompShg","Y","WD",1,39,"Gable","AllPub",0,"GasA","TA",0,"Unf",0,5,109000,1940,"TA","CBlock","Fuse","1Fam",6,1034,"OldTown",1,"Inside","Reg",10134,60,"MetalSd","TA","TA"
"219",7,3,"Y","TA",651,2,2009,"2Story","Gd","Detchd","CompShg","P","WD",1,0,"Gable","AllPub",0,"GasA","TA",1,"Unf",0,6,135000,1946,"TA","CBlock","SBrkr","1Fam",8,1389,"OldTown",1,"Inside","Reg",3378,60,"OtherSd","Gd","TA"
"220",6,2,"Y","Fa",648,0,2006,"1.5Story","TA","Detchd","CompShg","Y","WD",1,0,"Gable","AllPub",0,"GasA","TA",0,"Unf",0,6,116000,1920,"TA","BrkTil","Fuse","1Fam",8,1118,"OldTown",1,"Inside","Reg",4400,40,"OtherSd","TA","TA"
"221",3,2,"Y","TA",318,0,2007,"1.5Story","Ex","Detchd","CompShg","Y","WD",1,176,"Gable","AllPub",331,"GasA","TA",1,"ALQ",0,6,120000,1948,"TA","CBlock","SBrkr","1Fam",7,1183,"OldTown",1,"Inside","Reg",6000,50,"MetalSd","Gd","TA"
"222",6,2,"Y","TA",813,0,2006,"1Story","Ex","Detchd","CompShg","N","WD",1,113,"notGable","AllPub",0,"GasA","Gd",0,"Unf",0,5,110000,1930,"TA","BrkTil","Fuse","1Fam",8,813,"OldTown",1,"Inside","Reg",5684,70,"OtherSd","TA","TA"
"223",5,4,"N","TA",624,0,2008,"2Story","Fa","Detchd","CompShg","Y","notWD",1,0,"Gable","AllPub",0,"GasA","TA",0,"Unf",0,7,98000,1916,"TA","BrkTil","SBrkr","1Fam",5,1344,"OldTown",1,"Inside","Reg",4571,34,"OtherSd","TA","TA"
"224",4,2,"Y","Fa",739,0,2007,"1Story","TA","Detchd","CompShg","Y","WD",1,72,"notGable","AllPub",168,"GasA","TA",0,"ALQ",0,7,89471,1937,"TA","BrkTil","SBrkr","1Fam",7,1131,"OldTown",1,"Inside","Reg",5925,50,"OtherSd","TA","TA"
"225",5,3,"N","TA",290,1,2006,"1.5Story","TA","Attchd","CompShg","N","notWD",2,0,"Gable","AllPub",664,"GasA","TA",0,"BLQ",142,10,160000,1900,"TA","CBlock","Fuse","2fmCon",4,2414,"OldTown",2,"Corner","Reg",10800,60,"OtherSd","TA","TA"
"226",5,2,"Y","Fa",190,0,2009,"1Story","Gd","Attchd","CompShg","Y","WD",1,20,"Gable","AllPub",0,"GasA","TA",0,"Unf",144,4,91300,1938,"TA","BrkTil","Fuse","1Fam",8,886,"OldTown",1,"Inside","Reg",5784,50,"MetalSd","TA","TA"
"227",5,4,"Y","TA",960,0,2009,"2Story","Gd","Detchd","CompShg","N","notWD",2,0,"notGable","AllPub",0,"GasA","TA",0,"Unf",0,10,124500,1952,"TA","CBlock","SBrkr","Duplex",5,1960,"OldTown",2,"Inside","Reg",7596,60,"OtherSd","TA","TA"
"228",4,3,"N","",0,0,2008,"2Story","TA","","CompShg","N","WD",2,114,"Gable","AllPub",0,"GasA","TA",0,"",220,7,106250,1900,"TA","BrkTil","Fuse","2fmCon",7,1294,"OldTown",2,"Inside","Reg",10800,60,"MetalSd","TA","TA"
"229",5,2,"Y","TA",0,0,2008,"1Story","TA","Detchd","CompShg","Y","WD",1,50,"Gable","AllPub",180,"GasA","TA",0,"BLQ",140,4,125000,1955,"TA","CBlock","SBrkr","1Fam",7,825,"OldTown",1,"Inside","IR1",8235,49,"MetalSd","Gd","TA"
"230",5,3,"Y","TA",620,0,2008,"1Story","Gd","Attchd","CompShg","Y","WD",1,0,"notGable","AllPub",308,"GasA","TA",0,"ALQ",0,5,112500,1957,"TA","CBlock","Fuse","1Fam",6,928,"OldTown",1,"Inside","Reg",6000,50,"OtherSd","TA","TA"
"231",5,4,"N","TA",1050,0,2008,"1.5Story","Ex","Attchd","CompShg","Y","WD",2,0,"Gable","AllPub",0,"GasA","TA",0,"Unf",0,7,131500,1954,"TA","BrkTil","Fuse","1Fam",5,1795,"OldTown",1,"Inside","Reg",12150,81,"MetalSd","TA","TA"
"232",6,3,"N","TA",684,0,2006,"2Story","Ex","Detchd","CompShg","N","WD",1,158,"Gable","AllPub",0,"GasA","TA",0,"Unf",0,7,114504,1910,"TA","CBlock","Fuse","1Fam",7,1368,"OldTown",1,"Inside","Reg",3600,60,"VinylSd","TA","TA"
"233",5,3,"Y","Fa",636,0,2006,"2Story","TA","Detchd","CompShg","N","WD",1,0,"Gable","AllPub",0,"GasA","Ex",0,"Unf",0,8,124000,1880,"TA","BrkTil","Fuse","1Fam",6,1750,"OldTown",1,"Corner","Reg",9000,50,"VinylSd","TA","TA"
"234",5,3,"Y","TA",811,0,2009,"1.5Story","TA","Attchd","CompShg","Y","WD",2,0,"Gable","AllPub",0,"GasA","Gd",0,"Unf",0,7,93000,1954,"TA","CBlock","Fuse","2fmCon",4,1387,"OldTown",2,"Inside","Reg",6000,50,"OtherSd","TA","TA"
"235",5,2,"Y","TA",768,0,2009,"1Story","Ex","Detchd","CompShg","N","WD",1,0,"Gable","AllPub",0,"GasA","Gd",0,"Unf",316,5,109500,1924,"TA","BrkTil","SBrkr","1Fam",8,792,"OldTown",1,"Inside","Reg",9022,52,"VinylSd","TA","Gd"
"236",7,3,"Y","TA",718,0,2007,"2Story","Ex","Detchd","CompShg","P","WD",1,48,"Gable","AllPub",0,"GasA","TA",1,"Unf",0,8,159500,1890,"TA","BrkTil","SBrkr","1Fam",8,2554,"OldTown",1,"Inside","Reg",10800,60,"OtherSd","Gd","TA"
"237",7,2,"N","Gd",490,2,2006,"2.5Story","Fa","Detchd","CompShg","N","WD",1,341,"Gable","AllPub",390,"GasW","TA",1,"ALQ",0,6,163000,1914,"TA","BrkTil","SBrkr","1Fam",7,1768,"OldTown",1,"Inside","Reg",10800,60,"OtherSd","TA","TA"
"238",5,2,"Y","Fa",264,0,2007,"2Story","Ex","Detchd","CompShg","Y","WD",2,0,"Gable","AllPub",0,"GasA","TA",0,"Unf",270,7,132000,1910,"TA","BrkTil","SBrkr","1Fam",7,1432,"OldTown",1,"Inside","Reg",9600,60,"OtherSd","Gd","TA"
"239",7,4,"N","TA",1240,1,2009,"2Story","TA","Detchd","CompShg","N","WD",1,0,"notGable","AllPub",0,"GasW","Gd",1,"Unf",181,8,265979,1880,"TA","BrkTil","SBrkr","1Fam",7,2640,"OldTown",1,"Corner","IR1",11700,65,"OtherSd","TA","Gd"
"240",6,3,"Y","TA",742,1,2008,"2.5Story","Ex","","CompShg","Y","WD",2,291,"Gable","AllPub",0,"GasA","TA",0,"Unf",0,9,128000,1914,"TA","CBlock","SBrkr","1Fam",6,1484,"OldTown",1,"Inside","Reg",6300,35,"OtherSd","TA","TA"
"241",5,4,"Y","Fa",0,0,2010,"1.5Story","TA","Detchd","CompShg","Y","WD",2,0,"Gable","AllPub",686,"GasA","TA",0,"BLQ",0,7,139000,1915,"TA","PConc","SBrkr","1Fam",6,1652,"OldTown",1,"Inside","Reg",10800,60,"MetalSd","Gd","TA"
"242",4,2,"Y","TA",901,0,2008,"1Story","Ex","Detchd","CompShg","Y","WD",1,0,"Gable","AllPub",0,"GasA","TA",0,"Unf",0,4,107900,1954,"TA","CBlock","SBrkr","1Fam",7,901,"OldTown",1,"Corner","Reg",6000,50,"MetalSd","TA","TA"
"243",5,2,"N","TA",849,0,2009,"2.5Story","TA","Detchd","CompShg","N","WD",2,156,"notGable","AllPub",0,"GasA","TA",0,"Unf",40,11,106000,1898,"TA","PConc","Fuse","1Fam",5,2138,"OldTown",3,"Corner","Reg",8100,90,"OtherSd","TA","TA"
"244",4,2,"N","Fa",936,0,2009,"1Story","TA","Detchd","CompShg","Y","WD",1,32,"Gable","AllPub",0,"GasA","TA",0,"Unf",0,4,93000,1953,"TA","CBlock","SBrkr","2fmCon",4,936,"OldTown",1,"Inside","Reg",6000,60,"MetalSd","TA","TA"
"245",5,2,"Y","TA",1221,0,2007,"1Story","Gd","Detchd","CompShg","Y","notWD",1,116,"Gable","AllPub",338,"GasA","TA",0,"ALQ",0,5,153500,1948,"TA","BrkTil","SBrkr","1Fam",6,1559,"OldTown",1,"Inside","Reg",8100,90,"VinylSd","TA","TA"
"246",5,3,"Y","TA",650,1,2008,"2Story","Gd","Detchd","CompShg","P","WD",2,78,"Gable","AllPub",0,"GasA","Gd",0,"Unf",70,8,157500,1904,"TA","PConc","SBrkr","1Fam",8,1539,"OldTown",1,"Inside","Reg",10440,60,"MetalSd","TA","TA"
"247",5,4,"Y","TA",876,1,2008,"1.5Story","Gd","Detchd","CompShg","Y","WD",1,0,"Gable","AllPub",0,"GasA","TA",1,"Unf",418,7,153900,1915,"TA","BrkTil","SBrkr","1Fam",8,1416,"OldTown",1,"Inside","IR1",12665,100,"OtherSd","TA","TA"
"248",5,3,"Y","TA",676,0,2009,"1.5Story","Ex","Detchd","CompShg","Y","WD",1,0,"Gable","AllPub",0,"GasA","TA",1,"Unf",26,5,66500,1941,"TA","CBlock","SBrkr","1Fam",6,1131,"OldTown",1,"Inside","Reg",5720,52,"OtherSd","TA","TA"
"249",5,2,"Y","TA",0,0,2009,"1.5Story","TA","Detchd","CompShg","Y","WD",1,0,"notGable","AllPub",1088,"GasA","TA",0,"BLQ",48,7,124900,1890,"TA","BrkTil","SBrkr","1Fam",6,1869,"OldTown",1,"Corner","Reg",8820,98,"VinylSd","TA","TA"
"250",3,2,"N","TA",600,0,2009,"1.5Story","Fa","","CompShg","Y","WD",1,0,"Gable","AllPub",0,"Grav","TA",0,"Unf",0,6,37900,1910,"TA","BrkTil","SBrkr","1Fam",6,968,"OldTown",1,"Inside","Reg",5925,50,"VinylSd","TA","TA"
"251",6,2,"Y","TA",485,0,2006,"1.5Story","Gd","Attchd","CompShg","Y","WD",1,0,"notGable","AllPub",0,"GasA","Gd",0,"Unf",394,5,117000,1910,"TA","CBlock","SBrkr","1Fam",8,1635,"OldTown",1,"Corner","Reg",5310,59,"VinylSd","Gd","TA"
"252",8,4,"Y","TA",700,1,2009,"2Story","Gd","Attchd","CompShg","P","WD",1,169,"Gable","AllPub",216,"GasA","Gd",1,"BLQ",0,8,168000,1882,"TA","BrkTil","SBrkr","1Fam",9,1742,"OldTown",1,"Corner","Reg",17671,121,"OtherSd","Gd","Gd"
"253",5,2,"Y","Fa",691,0,2007,"1Story","Ex","Detchd","CompShg","N","WD",1,20,"Gable","AllPub",0,"GasA","Ex",0,"Unf",0,4,86000,1920,"TA","BrkTil","Fuse","1Fam",6,691,"OldTown",1,"Corner","Reg",5400,60,"OtherSd","TA","TA"
"254",5,2,"Y","TA",588,0,2007,"1.5Story","Gd","Detchd","CompShg","Y","WD",1,0,"Gable","AllPub",324,"GasA","TA",0,"BLQ",0,6,87000,1930,"TA","CBlock","Fuse","1Fam",5,1248,"OldTown",1,"Inside","Reg",9439,52,"OtherSd","TA","TA"
"255",5,5,"N","TA",662,0,2007,"2Story","TA","Detchd","CompShg","Y","WD",2,57,"Gable","AllPub",0,"GasA","TA",0,"Unf",0,10,90000,1900,"TA","BrkTil","SBrkr","2fmCon",5,2337,"OldTown",2,"Inside","Reg",13600,85,"OtherSd","TA","TA"
"256",5,3,"Y","Fa",170,1,2006,"1.5Story","Gd","Attchd","CompShg","Y","WD",2,21,"Gable","AllPub",626,"GasA","Gd",0,"ALQ",436,7,170000,1936,"TA","CBlock","SBrkr","1Fam",8,1466,"OldTown",1,"Inside","Reg",10800,60,"OtherSd","TA","TA"
"257",5,2,"Y","TA",418,0,2006,"1Story","Ex","Detchd","CompShg","Y","WD",1,0,"Gable","AllPub",415,"GasA","Gd",0,"ALQ",0,4,117000,1954,"TA","CBlock","SBrkr","1Fam",7,833,"OldTown",1,"Inside","Reg",5400,90,"MetalSd","Gd","TA"
"258",7,2,"Y","TA",572,1,2008,"1.5Story","TA","Detchd","CompShg","Y","WD",1,0,"Gable","AllPub",0,"GasA","TA",0,"Unf",0,5,116900,1926,"TA","PConc","SBrkr","1Fam",7,1111,"OldTown",1,"Inside","Reg",5700,65,"OtherSd","TA","TA"
"259",7,3,"Y","TA",26,0,2009,"2Story","Ex","Detchd","CompShg","Y","WD",1,0,"notGable","AllPub",624,"GasA","TA",0,"ALQ",0,7,143000,1920,"TA","PConc","SBrkr","1Fam",9,1482,"OldTown",1,"Inside","Reg",9000,50,"VinylSd","Gd","TA"
"260",6,3,"Y","TA",350,0,2009,"1.5Story","TA","Detchd","CompShg","N","WD",1,0,"Gable","AllPub",468,"GasA","TA",0,"ALQ",0,5,115000,1926,"TA","CBlock","SBrkr","1Fam",8,1224,"OldTown",1,"Inside","Reg",3950,65,"MetalSd","TA","TA"
"261",5,2,"Y","TA",299,1,2006,"1Story","Ex","Detchd","CompShg","Y","WD",1,0,"notGable","AllPub",821,"GasA","TA",0,"ALQ",229,5,120000,1920,"TA","BrkTil","SBrkr","1Fam",6,1130,"OldTown",1,"Inside","Reg",10800,60,"OtherSd","TA","TA"
"262",3,3,"Y","Fa",538,0,2009,"2Story","TA","Detchd","CompShg","Y","WD",2,74,"Gable","AllPub",440,"GasA","TA",0,"BLQ",0,7,95000,1900,"TA","CBlock","SBrkr","2fmCon",5,1699,"OldTown",2,"Corner","IR1",10615,107,"OtherSd","TA","TA"
"263",5,3,"Y","TA",702,0,2007,"1.5Story","Gd","Detchd","CompShg","P","WD",1,0,"notGable","AllPub",0,"GasA","Gd",0,"Unf",0,6,125000,1925,"TA","PConc","SBrkr","1Fam",8,1472,"OldTown",1,"Inside","Reg",9600,60,"VinylSd","TA","TA"
"264",7,3,"Y","TA",815,1,2006,"2.5Story","Ex","Detchd","CompShg","Y","notWD",1,0,"Gable","AllPub",0,"GasA","TA",0,"Unf",0,7,144000,1916,"TA","BrkTil","SBrkr","1Fam",6,1690,"OldTown",1,"Corner","IR1",8850,65,"MetalSd","TA","TA"
"265",7,4,"N","TA",925,1,2007,"2.5Story","TA","Detchd","CompShg","N","WD",1,0,"notGable","AllPub",0,"GasA","TA",1,"Unf",0,9,122000,1910,"TA","CBlock","Fuse","2fmCon",4,1889,"OldTown",2,"Inside","IR1",10120,60,"OtherSd","TA","TA"
"266",5,4,"N","TA",994,0,2009,"2Story","TA","Attchd","CompShg","Y","WD",2,287,"Gable","AllPub",0,"GasA","TA",0,"Unf",0,11,107500,1892,"TA","BrkTil","SBrkr","1Fam",4,2372,"OldTown",2,"Corner","Reg",6600,60,"OtherSd","TA","TA"
"267",5,2,"Y","TA",172,0,2008,"1Story","Ex","Attchd","CompShg","Y","WD",1,36,"Gable","AllPub",144,"GasA","Gd",0,"GLQ",0,6,147000,1948,"TA","CBlock","SBrkr","1Fam",7,1122,"OldTown",1,"Inside","Reg",12000,100,"MetalSd","TA","TA"
"268",6,5,"Y","Gd",1017,2,2008,"1.5Story","Ex","Detchd","CompShg","Y","WD",2,547,"Gable","AllPub",493,"GasW","TA",0,"BLQ",0,8,256000,1920,"TA","BrkTil","SBrkr","1Fam",7,2792,"OldTown",1,"Corner","Reg",10440,60,"OtherSd","Gd","Gd"
"269",4,2,"N","TA",693,0,2006,"1Story","Fa","","CompShg","N","WD",1,20,"Gable","AllPub",0,"Grav","Fa",0,"Unf",0,4,52500,1941,"TA","CBlock","Fuse","1Fam",4,693,"OldTown",1,"Corner","IR1",4118,153,"OtherSd","TA","TA"
"270",8,4,"N","TA",425,0,2008,"2Story","Fa","","CompShg","Y","WD",2,54,"Gable","AllPub",259,"OthW","TA",0,"BLQ",0,8,122000,1872,"TA","BrkTil","SBrkr","1Fam",5,2358,"OldTown",1,"Inside","Reg",5250,50,"MetalSd","Gd","TA"
"271",4,2,"Y","TA",420,0,2009,"1.5Story","Ex","Detchd","CompShg","Y","WD",1,0,"Gable","AllPub",315,"GasA","TA",0,"ALQ",0,6,105000,1920,"TA","PConc","SBrkr","1Fam",6,1374,"OldTown",1,"Corner","Reg",5400,90,"OtherSd","TA","TA"
"272",7,4,"Y","Fa",596,0,2006,"2Story","Ex","Detchd","CompShg","N","WD",1,0,"notGable","AllPub",0,"GasA","Gd",1,"Unf",36,8,157000,1920,"TA","BrkTil","SBrkr","1Fam",7,1762,"OldTown",1,"Corner","Reg",7200,60,"OtherSd","TA","TA"
"273",6,5,"N","TA",0,1,2007,"1.5Story","TA","Detchd","CompShg","Y","notWD",2,15,"Gable","AllPub",168,"GasW","Gd",0,"ALQ",88,10,136000,1916,"TA","BrkTil","SBrkr","1Fam",7,2526,"OldTown",1,"Inside","Reg",8520,60,"OtherSd","Gd","TA"
"274",6,3,"N","Fa",482,1,2008,"1.5Story","Ex","Detchd","CompShg","Y","WD",2,25,"Gable","AllPub",0,"GasA","TA",0,"Unf",0,7,163000,1905,"TA","BrkTil","SBrkr","2fmCon",7,1912,"OldTown",2,"Inside","Reg",10800,60,"OtherSd","TA","TA"
"275",3,3,"Y","TA",672,0,2006,"1.5Story","TA","Detchd","CompShg","Y","WD",1,0,"Gable","AllPub",0,"GasA","TA",0,"Unf",216,6,105000,1915,"TA","PConc","SBrkr","1Fam",4,1214,"OldTown",1,"Corner","Reg",10410,60,"OtherSd","TA","TA"
"276",4,3,"Y","Fa",622,0,2010,"2Story","Gd","Detchd","CompShg","Y","WD",1,0,"Gable","AllPub",0,"GasA","TA",0,"Unf",0,6,125500,1910,"TA","CBlock","SBrkr","1Fam",7,1363,"OldTown",1,"Inside","Reg",7740,60,"VinylSd","TA","TA"
"277",4,4,"Y","TA",777,0,2010,"2Story","Gd","Detchd","CompShg","N","WD",2,0,"Gable","AllPub",0,"GasA","TA",0,"Unf",0,11,122500,1885,"TA","PConc","SBrkr","2fmCon",6,2290,"OldTown",2,"Inside","Reg",11340,60,"VinylSd","TA","TA"
"278",5,2,"Y","TA",278,2,2010,"1Story","TA","Attchd","CompShg","Y","WD",1,0,"Gable","AllPub",510,"GasA","Gd",0,"BLQ",0,4,119000,1940,"TA","CBlock","SBrkr","1Fam",7,804,"OldTown",1,"Corner","Reg",7200,60,"MetalSd","Gd","TA"
"279",5,2,"Y","TA",0,0,2009,"1.5Story","TA","Detchd","CompShg","Y","WD",1,0,"notGable","AllPub",1088,"GasA","TA",0,"BLQ",48,7,124900,1890,"TA","BrkTil","SBrkr","1Fam",6,1869,"OldTown",1,"Corner","Reg",8820,98,"VinylSd","TA","TA"
