OverallQual,BedroomAbvGr,CentralAir,BsmtQual,BsmtUnfSF,Fireplaces,YrSold,HouseStyle,HeatingQC,GarageType,RoofMatl,PavedDrive,SaleType,FullBath,OpenPorchSF,RoofStyle,Utilities,BsmtFinSF1,Heating,KitchenQual,HalfBath,BsmtFinType1,WoodDeckSF,TotRmsAbvGrd,SalePrice,YearBuilt,BsmtCond,Foundation,Electrical,BldgType,OverallCond,GrLivArea,neighborhood,KitchenAbvGr,uniqueID,LotConfig,LotShape,LotArea,LotFrontage,Exterior1st,ExterQual,ExterCond
7,3,Y,Gd,150.0,0,2008,2Story,Ex,Attchd,CompShg,Y,WD,2,61,Gable,AllPub,706,GasA,Gd,1,GLQ,0,8,208500.0,2003,TA,PConc,SBrkr,1Fam,5,1710,CollegeCr,1,train,Inside,Reg,8450,65.0,VinylSd,TA,Gd
7,3,Y,Gd,434.0,1,2008,2Story,Ex,Attchd,CompShg,Y,WD,2,42,Gable,AllPub,486,GasA,Gd,1,GLQ,0,6,223500.0,2001,TA,PConc,SBrkr,1Fam,5,1786,CollegeCr,1,train,Inside,IR1,11250,68.0,VinylSd,TA,Gd
8,3,Y,Gd,1777.0,1,2008,1Story,Ex,Attchd,CompShg,Y,WD,2,159,notGable,AllPub,0,GasA,Gd,0,Unf,171,7,230000.0,2002,TA,PConc,SBrkr,1Fam,5,1795,CollegeCr,1,train,Inside,Reg,9742,75.0,VinylSd,TA,Gd
8,3,Y,Ex,1234.0,0,2008,1Story,Ex,Attchd,CompShg,Y,WD,2,30,Gable,AllPub,0,GasA,Gd,0,Unf,0,7,179900.0,2007,TA,PConc,SBrkr,1Fam,5,1234,CollegeCr,1,train,Corner,Reg,11049,85.0,VinylSd,TA,Gd
5,3,Y,Gd,167.0,0,2008,1Story,TA,Detchd,CompShg,Y,WD,1,0,notGable,AllPub,280,GasA,TA,0,BLQ,145,5,130250.0,1975,TA,CBlock,SBrkr,1Fam,6,938,CollegeCr,1,train,CulDSac,IR1,9200,70.0,VinylSd,TA,TA
7,3,Y,Gd,860.0,0,2006,2Story,Ex,Attchd,CompShg,Y,WD,2,70,Gable,AllPub,0,GasA,Gd,1,Unf,0,7,196500.0,2004,TA,PConc,SBrkr,1Fam,5,1720,CollegeCr,1,train,Corner,IR1,11645,89.0,VinylSd,TA,Gd
5,2,Y,TA,148.0,0,2008,1Story,Ex,Detchd,CompShg,Y,WD,1,0,Gable,AllPub,632,GasA,TA,0,ALQ,196,4,124900.0,1972,TA,CBlock,SBrkr,1Fam,7,780,CollegeCr,1,train,Inside,Reg,7200,60.0,OtherSd,TA,TA
7,3,Y,Gd,318.0,0,2009,2Story,Ex,Attchd,CompShg,Y,WD,2,36,Gable,AllPub,739,GasA,Gd,1,GLQ,576,8,219500.0,1997,TA,PConc,SBrkr,1Fam,5,2034,CollegeCr,1,train,Inside,Reg,9375,70.0,VinylSd,TA,TA
7,3,Y,Gd,440.0,0,2007,1Story,Ex,Attchd,CompShg,Y,WD,2,29,Gable,AllPub,1013,GasA,Gd,0,GLQ,144,7,226000.0,2003,TA,PConc,SBrkr,1Fam,5,1479,CollegeCr,1,train,Inside,IR1,10665,72.0,VinylSd,TA,Gd
4,3,Y,Gd,402.0,0,2007,1Story,Ex,NA,CompShg,Y,WD,1,0,Gable,AllPub,588,GasA,TA,0,GLQ,0,5,123600.0,1994,TA,PConc,SBrkr,1Fam,5,990,CollegeCr,1,train,Inside,Reg,8070,60.0,VinylSd,TA,TA
6,3,Y,Gd,176.0,0,2007,2Story,Ex,Attchd,CompShg,Y,WD,2,162,Gable,AllPub,648,GasA,Gd,1,GLQ,0,7,204750.0,1997,TA,PConc,SBrkr,1Fam,5,1786,CollegeCr,1,train,Inside,IR1,9337,69.0,VinylSd,Gd,TA
7,3,Y,Gd,1226.0,0,2010,1Story,Ex,Attchd,CompShg,Y,WD,2,36,Gable,AllPub,0,GasA,Gd,0,Unf,0,6,198900.0,2009,TA,PConc,SBrkr,1Fam,5,1226,CollegeCr,1,train,Corner,IR1,10402,94.0,VinylSd,TA,TA
7,4,Y,Ex,280.0,1,2007,2Story,Ex,Attchd,CompShg,Y,notWD,2,184,Gable,AllPub,984,GasA,Ex,1,GLQ,120,10,383970.0,2007,TA,PConc,SBrkr,1Fam,5,2696,CollegeCr,1,train,Inside,Reg,9965,77.0,VinylSd,TA,Gd
6,3,Y,Gd,728.0,1,2006,2Story,Ex,Attchd,CompShg,Y,notWD,2,24,Gable,AllPub,0,GasA,Gd,1,Unf,0,8,163990.0,2005,TA,PConc,SBrkr,1Fam,5,1456,CollegeCr,1,train,Inside,Reg,8461,65.0,VinylSd,TA,Gd
7,3,Y,Gd,434.0,0,2006,1Story,Ex,Attchd,CompShg,Y,WD,2,24,Gable,AllPub,1300,GasA,Gd,0,GLQ,160,7,260000.0,2005,TA,PConc,SBrkr,1Fam,5,1734,CollegeCr,1,train,Inside,Reg,11645,78.0,VinylSd,TA,Gd
7,3,Y,Gd,811.0,0,2009,1Story,Ex,Attchd,CompShg,Y,WD,2,29,Gable,AllPub,679,GasA,Gd,0,GLQ,144,6,204000.0,1999,TA,PConc,SBrkr,1Fam,5,1501,CollegeCr,1,train,Inside,IR1,10335,78.0,VinylSd,TA,Gd
5,3,Y,TA,253.0,0,2007,1Story,TA,Attchd,CompShg,Y,WD,1,0,Gable,AllPub,716,GasA,TA,1,BLQ,0,5,122000.0,1975,TA,CBlock,SBrkr,1Fam,6,969,CollegeCr,1,train,Corner,Reg,10356,120.0,OtherSd,TA,TA
7,3,Y,Gd,871.0,0,2009,1Story,Ex,Attchd,CompShg,Y,WD,2,35,Gable,AllPub,560,GasA,Gd,0,GLQ,0,6,192000.0,1999,TA,PConc,SBrkr,1Fam,5,1431,CollegeCr,1,train,Inside,IR1,9017,68.0,VinylSd,TA,Gd
5,3,Y,TA,474.0,0,2008,1Story,TA,Detchd,CompShg,Y,WD,1,0,notGable,AllPub,390,GasA,TA,0,ALQ,0,5,127000.0,1972,TA,CBlock,SBrkr,1Fam,7,864,CollegeCr,1,train,Inside,IR1,7180,60.0,OtherSd,TA,TA
6,1,Y,Gd,186.0,1,2008,1Story,Ex,Attchd,CompShg,Y,WD,1,0,Gable,AllPub,662,GasA,Gd,0,GLQ,149,3,149000.0,2004,TA,PConc,SBrkr,Twnhs,5,848,CollegeCr,1,train,Inside,Reg,4438,70.0,VinylSd,TA,Gd
6,3,Y,Gd,311.0,0,2010,2Story,Ex,Attchd,CompShg,Y,WD,1,36,Gable,AllPub,378,GasA,TA,1,GLQ,0,6,161750.0,1977,TA,CBlock,SBrkr,1Fam,7,1392,CollegeCr,1,train,FR2,IR1,10900,70.0,OtherSd,TA,TA
7,3,Y,Gd,490.0,0,2008,1Story,Ex,Attchd,CompShg,Y,WD,2,98,Gable,AllPub,946,GasA,Gd,0,GLQ,139,8,210000.0,2004,TA,PConc,SBrkr,1Fam,5,1436,CollegeCr,1,train,Inside,Reg,8450,65.0,VinylSd,TA,Gd
7,2,Y,Gd,1498.0,0,2006,1Story,Ex,Attchd,CompShg,Y,notWD,2,33,Gable,AllPub,0,GasA,Gd,0,Unf,351,5,204900.0,2006,TA,PConc,SBrkr,1Fam,5,1498,CollegeCr,1,train,Inside,IR1,8990,73.0,VinylSd,TA,Gd
7,3,Y,Gd,1390.0,0,2010,1Story,Ex,Attchd,CompShg,Y,WD,2,105,Gable,AllPub,24,GasA,Gd,0,GLQ,132,6,185500.0,2004,TA,PConc,SBrkr,1Fam,5,1414,CollegeCr,1,train,FR2,Reg,8773,65.0,VinylSd,TA,Gd
7,3,Y,Gd,840.0,0,2007,2Story,Ex,Attchd,CompShg,Y,WD,2,68,Gable,AllPub,0,GasA,Gd,1,Unf,144,8,180000.0,2003,TA,PConc,SBrkr,1Fam,5,1668,CollegeCr,1,train,Inside,Reg,11317,72.0,VinylSd,TA,Gd
7,3,Y,Gd,270.0,1,2009,1Story,Ex,Attchd,CompShg,Y,WD,2,110,Gable,AllPub,1334,GasA,Gd,1,GLQ,123,8,220000.0,2006,TA,PConc,SBrkr,1Fam,5,1604,CollegeCr,1,train,Inside,Reg,8814,68.0,VinylSd,TA,Gd
7,3,Y,Gd,602.0,1,2008,2Story,Ex,Attchd,CompShg,Y,WD,2,96,Gable,AllPub,361,GasA,Gd,1,GLQ,0,7,231500.0,2001,TA,PConc,SBrkr,1Fam,5,1792,CollegeCr,1,train,Inside,Reg,12435,80.0,VinylSd,TA,Gd
8,3,Y,Gd,1079.0,1,2006,2Story,Ex,Attchd,CompShg,Y,notWD,2,51,Gable,AllPub,0,GasA,Gd,1,Unf,0,8,233230.0,2006,TA,PConc,SBrkr,1Fam,5,1919,CollegeCr,1,train,Inside,Reg,15611,120.0,VinylSd,TA,Gd
5,3,Y,TA,0.0,0,2006,1Story,TA,Attchd,CompShg,Y,WD,1,0,Gable,AllPub,894,GasA,TA,0,ALQ,256,5,149900.0,1972,TA,PConc,SBrkr,1Fam,7,894,CollegeCr,1,train,Corner,Reg,9800,70.0,VinylSd,TA,TA
7,3,Y,Gd,726.0,0,2008,1Story,Ex,Attchd,CompShg,Y,WD,2,74,Gable,AllPub,810,GasA,Gd,0,GLQ,192,7,214000.0,2002,TA,PConc,SBrkr,1Fam,5,1536,CollegeCr,1,train,Inside,Reg,9135,70.0,VinylSd,TA,Gd
7,4,Y,Gd,847.0,1,2007,2Story,Ex,Attchd,CompShg,Y,WD,2,48,Gable,AllPub,0,GasA,Gd,1,Unf,100,8,219500.0,2003,TA,PConc,SBrkr,1Fam,5,1928,CollegeCr,1,train,Inside,Reg,8200,65.0,VinylSd,TA,Gd
7,3,Y,Gd,1468.0,0,2008,1Story,Ex,Attchd,CompShg,Y,WD,2,25,Gable,AllPub,0,GasA,Gd,0,Unf,120,6,191000.0,1999,TA,PConc,SBrkr,1Fam,5,1479,CollegeCr,1,train,CulDSac,IR1,9382,93.0,VinylSd,TA,Gd
5,2,Y,TA,117.0,0,2009,1Story,TA,Detchd,CompShg,Y,WD,1,0,notGable,AllPub,777,GasA,TA,0,ALQ,215,6,123000.0,1972,TA,CBlock,SBrkr,1Fam,5,894,CollegeCr,1,train,Inside,Reg,7200,60.0,MetalSd,TA,TA
7,3,Y,Gd,70.0,1,2009,2Story,Ex,Attchd,CompShg,Y,notWD,2,61,Gable,AllPub,385,GasA,Gd,1,GLQ,158,6,212000.0,1996,TA,PConc,SBrkr,1Fam,6,1661,CollegeCr,1,train,CulDSac,IR2,10667,43.0,VinylSd,TA,Gd
7,4,Y,Gd,273.0,1,2008,2Story,Ex,Attchd,CompShg,Y,WD,2,133,Gable,AllPub,642,GasA,Gd,1,GLQ,144,8,210000.0,1994,TA,PConc,SBrkr,1Fam,5,1908,CollegeCr,1,train,Inside,Reg,8750,70.0,VinylSd,Gd,Gd
5,3,Y,Gd,424.0,0,2009,1Story,TA,NA,CompShg,Y,WD,2,0,Gable,AllPub,616,GasA,TA,0,ALQ,0,5,124000.0,1978,TA,CBlock,SBrkr,1Fam,5,1040,CollegeCr,1,train,Inside,Reg,8430,60.0,OtherSd,TA,TA
6,3,Y,Gd,484.0,1,2008,1Story,Ex,Attchd,CompShg,Y,WD,2,39,Gable,AllPub,994,GasA,Gd,0,GLQ,140,7,208900.0,1997,TA,PConc,SBrkr,1Fam,5,1493,CollegeCr,1,train,Inside,Reg,13125,75.0,VinylSd,TA,TA
6,3,Y,Gd,88.0,0,2007,2Story,Ex,Attchd,CompShg,Y,WD,2,36,Gable,AllPub,706,GasA,TA,1,GLQ,0,7,211000.0,1998,TA,PConc,SBrkr,1Fam,5,1796,CollegeCr,1,train,CulDSac,IR1,9531,70.0,VinylSd,TA,TA
7,3,Y,Gd,880.0,0,2008,2Story,Ex,Attchd,CompShg,Y,WD,2,155,Gable,AllPub,0,GasA,Gd,1,Unf,120,8,188000.0,1998,TA,PConc,SBrkr,1Fam,5,1724,CollegeCr,1,train,CulDSac,IR1,8924,57.0,VinylSd,TA,TA
8,3,Y,Gd,223.0,1,2010,1Story,Ex,Attchd,CompShg,Y,WD,2,0,Gable,AllPub,1358,GasA,Gd,0,GLQ,180,6,272000.0,2001,TA,PConc,SBrkr,1Fam,5,1601,CollegeCr,1,train,Inside,Reg,11423,70.0,VinylSd,TA,Gd
6,1,Y,Gd,163.0,0,2009,1Story,Ex,Attchd,CompShg,Y,WD,1,0,Gable,AllPub,685,GasA,Gd,0,GLQ,140,4,140000.0,2003,TA,PConc,SBrkr,Twnhs,5,848,CollegeCr,1,train,Inside,Reg,4435,70.0,VinylSd,TA,Gd
7,3,Y,Gd,572.0,1,2008,1Story,Ex,Attchd,CompShg,Y,WD,2,36,Gable,AllPub,922,GasA,Gd,0,GLQ,192,6,221000.0,2002,TA,PConc,SBrkr,1Fam,5,1494,CollegeCr,1,train,Inside,IR1,12803,88.0,VinylSd,TA,Gd
5,3,Y,Gd,308.0,0,2009,1Story,Gd,Detchd,CompShg,Y,WD,1,0,Gable,AllPub,732,GasA,Gd,0,GLQ,168,6,152000.0,1996,TA,PConc,SBrkr,1Fam,5,1040,CollegeCr,1,train,Corner,IR2,12464,82.0,VinylSd,Gd,TA
9,3,Y,Ex,536.0,2,2009,2Story,Ex,Attchd,CompShg,Y,WD,2,142,notGable,AllPub,904,GasA,Ex,1,GLQ,253,8,313000.0,2000,TA,PConc,SBrkr,1Fam,5,2153,CollegeCr,1,train,Inside,Reg,11050,70.0,VinylSd,TA,Gd
8,3,Y,Gd,309.0,1,2009,2Story,Ex,Attchd,CompShg,Y,WD,2,122,Gable,AllPub,990,GasA,Ex,1,GLQ,160,7,261500.0,2001,TA,PConc,SBrkr,1Fam,5,1872,CollegeCr,1,train,Inside,Reg,11885,70.0,VinylSd,TA,Gd
7,2,Y,Gd,880.0,1,2009,2Story,Ex,Attchd,CompShg,Y,WD,2,120,Gable,AllPub,0,GasA,Gd,1,Unf,0,7,191000.0,1996,TA,PConc,SBrkr,1Fam,5,1716,CollegeCr,1,train,Inside,Reg,8750,70.0,VinylSd,TA,Gd
6,1,Y,Gd,151.0,1,2008,1Story,Ex,Attchd,CompShg,Y,WD,1,0,Gable,AllPub,697,GasA,Gd,0,GLQ,149,3,141000.0,2004,TA,PConc,SBrkr,Twnhs,5,848,CollegeCr,1,train,Inside,Reg,4426,70.0,VinylSd,TA,Gd
7,3,Y,Gd,761.0,0,2010,1Story,Ex,Attchd,CompShg,Y,WD,2,35,Gable,AllPub,712,GasA,Gd,0,GLQ,0,7,213000.0,2004,TA,PConc,SBrkr,1Fam,5,1484,CollegeCr,1,train,Inside,Reg,8400,70.0,VinylSd,TA,Gd
5,3,Y,Gd,448.0,1,2006,1Story,TA,Attchd,CompShg,Y,WD,1,0,Gable,AllPub,523,GasA,TA,1,ALQ,0,5,128500.0,1969,TA,CBlock,SBrkr,1Fam,6,971,CollegeCr,1,train,Inside,IR1,9920,69.0,OtherSd,TA,TA
6,1,Y,Gd,186.0,0,2010,1Story,Ex,Attchd,CompShg,Y,WD,1,0,Gable,AllPub,662,GasA,Gd,0,GLQ,160,3,143000.0,2004,TA,PConc,SBrkr,Twnhs,5,848,CollegeCr,1,train,Inside,Reg,4426,70.0,VinylSd,TA,Gd
7,2,Y,Gd,508.0,0,2009,1Story,Ex,Attchd,CompShg,Y,WD,2,0,Gable,AllPub,724,GasA,Gd,0,GLQ,132,6,194500.0,2007,TA,PConc,SBrkr,1Fam,5,1232,CollegeCr,1,train,Inside,Reg,7314,64.0,VinylSd,TA,Gd
7,3,Y,Gd,901.0,1,2008,2Story,Ex,Attchd,CompShg,Y,WD,2,84,Gable,AllPub,252,GasA,Gd,1,ALQ,192,8,222500.0,1998,TA,PConc,SBrkr,1Fam,5,2031,CollegeCr,1,train,Inside,IR1,11404,75.0,VinylSd,TA,Gd
7,3,Y,Gd,864.0,0,2009,2Story,Ex,Attchd,CompShg,Y,WD,2,56,Gable,AllPub,0,GasA,Gd,1,Unf,187,7,190000.0,2004,TA,PConc,SBrkr,1Fam,5,1728,CollegeCr,1,train,Inside,IR1,9313,65.0,VinylSd,TA,Gd
6,3,Y,Gd,279.0,0,2006,1Story,Ex,Attchd,CompShg,Y,WD,2,27,Gable,AllPub,1200,GasA,Gd,0,GLQ,168,6,217000.0,1997,TA,PConc,SBrkr,1Fam,5,1494,CollegeCr,1,train,Inside,IR1,9236,79.0,VinylSd,Gd,TA
8,3,Y,Gd,846.0,0,2009,2Story,Ex,Attchd,CompShg,Y,WD,2,105,Gable,AllPub,20,GasA,Gd,1,GLQ,144,7,212000.0,2007,TA,PConc,SBrkr,1Fam,5,1768,CollegeCr,1,train,Inside,IR1,10769,68.0,VinylSd,TA,Gd
7,3,Y,Gd,1836.0,1,2006,1Story,Ex,Attchd,CompShg,Y,WD,2,33,notGable,AllPub,24,GasA,Gd,0,GLQ,120,8,216837.0,2004,TA,PConc,SBrkr,1Fam,5,1836,CollegeCr,1,train,Inside,Reg,9100,70.0,VinylSd,TA,Gd
7,3,Y,Gd,1594.0,0,2006,1Story,Ex,Attchd,CompShg,Y,notWD,2,59,Gable,AllPub,20,GasA,Gd,0,GLQ,144,7,221500.0,2005,TA,PConc,SBrkr,1Fam,5,1614,CollegeCr,1,train,Inside,IR1,11210,86.0,VinylSd,TA,Gd
7,3,Y,Gd,1413.0,0,2009,1Story,Ex,Attchd,CompShg,Y,WD,2,33,Gable,AllPub,0,GasA,Gd,0,Unf,0,6,187100.0,2001,TA,PConc,SBrkr,1Fam,5,1430,CollegeCr,1,train,Inside,IR2,16285,67.0,VinylSd,TA,Gd
7,3,Y,Gd,80.0,1,2008,2Story,Ex,Attchd,CompShg,Y,WD,2,18,Gable,AllPub,648,GasA,Gd,1,GLQ,36,7,189000.0,2005,TA,PConc,SBrkr,1Fam,5,1456,CollegeCr,1,train,Inside,Reg,8199,63.0,OtherSd,TA,Gd
6,1,Y,Gd,186.0,1,2008,1Story,Ex,Attchd,CompShg,Y,notWD,1,0,Gable,AllPub,662,GasA,Gd,0,GLQ,140,4,144500.0,2004,TA,PConc,SBrkr,Twnhs,5,848,CollegeCr,1,train,Inside,Reg,4438,70.0,VinylSd,TA,Gd
7,3,Y,Gd,1649.0,0,2010,1Story,Ex,Attchd,CompShg,Y,WD,2,34,Gable,AllPub,0,GasA,Gd,0,Unf,0,6,224900.0,1998,TA,PConc,SBrkr,1Fam,5,1661,CollegeCr,1,train,CulDSac,IR2,12137,48.0,VinylSd,TA,TA
7,3,Y,Gd,798.0,0,2008,2Story,Ex,Attchd,CompShg,Y,WD,2,45,Gable,AllPub,0,GasA,Gd,1,Unf,0,6,183000.0,2003,TA,PConc,SBrkr,1Fam,5,1640,CollegeCr,1,train,CulDSac,IR1,7226,72.0,VinylSd,TA,Gd
5,3,Y,Gd,1099.0,0,2008,1Story,Ex,Attchd,CompShg,Y,WD,1,0,Gable,AllPub,0,GasA,Gd,1,Unf,278,6,144000.0,1995,TA,PConc,SBrkr,1Fam,6,1099,CollegeCr,1,train,Inside,Reg,9525,75.0,VinylSd,TA,TA
5,3,Y,TA,404.0,1,2009,1Story,Ex,Attchd,CompShg,Y,WD,1,0,Gable,AllPub,460,GasA,TA,0,BLQ,0,5,133500.0,1972,TA,CBlock,SBrkr,1Fam,6,864,CollegeCr,1,train,CulDSac,IR1,15523,36.0,OtherSd,TA,TA
6,3,Y,Gd,299.0,0,2010,2Story,Ex,Attchd,CompShg,Y,WD,2,77,Gable,AllPub,505,GasA,Gd,1,GLQ,0,7,200500.0,1998,TA,PConc,SBrkr,1Fam,5,1682,CollegeCr,1,train,Inside,Reg,8750,70.0,VinylSd,TA,TA
5,3,Y,TA,218.0,0,2009,1Story,Ex,Attchd,CompShg,Y,WD,1,0,Gable,AllPub,646,GasA,TA,0,ALQ,0,6,136500.0,1978,TA,CBlock,SBrkr,1Fam,8,864,CollegeCr,1,train,CulDSac,IR1,7000,70.0,VinylSd,Gd,Gd
8,3,Y,Gd,1753.0,1,2009,1Story,Ex,Attchd,CompShg,Y,WD,2,151,notGable,AllPub,0,GasA,Ex,0,Unf,202,7,236500.0,2001,TA,PConc,SBrkr,1Fam,5,1788,CollegeCr,1,train,Inside,Reg,11838,70.0,VinylSd,TA,Gd
7,3,Y,Gd,1480.0,0,2009,1Story,Ex,Attchd,CompShg,Y,WD,2,36,Gable,AllPub,20,GasA,Gd,0,GLQ,192,6,190000.0,2004,TA,PConc,SBrkr,1Fam,5,1500,CollegeCr,1,train,FR2,Reg,8487,63.0,VinylSd,TA,Gd
7,3,Y,Gd,936.0,1,2006,2Story,Ex,Attchd,CompShg,Y,WD,2,96,Gable,AllPub,0,GasA,Gd,1,Unf,144,7,192500.0,2002,TA,PConc,SBrkr,1Fam,5,1776,CollegeCr,1,train,Inside,IR1,14006,65.0,VinylSd,TA,Gd
7,3,Y,Gd,638.0,0,2007,1Story,Ex,Attchd,CompShg,Y,WD,2,39,Gable,AllPub,699,GasA,Gd,0,GLQ,0,6,185000.0,2003,TA,PConc,SBrkr,1Fam,5,1337,CollegeCr,1,train,Inside,Reg,8450,65.0,VinylSd,TA,Gd
9,2,Y,Ex,1800.0,0,2009,1Story,Ex,Attchd,CompShg,Y,WD,2,136,Gable,AllPub,0,GasA,Ex,0,Unf,288,7,239000.0,2007,TA,PConc,SBrkr,1Fam,5,1800,CollegeCr,1,train,Corner,IR1,11923,122.0,VinylSd,TA,Gd
8,4,Y,Gd,1128.0,1,2008,2Story,Ex,Attchd,CompShg,Y,WD,2,0,Gable,AllPub,0,GasA,Gd,1,Unf,0,9,255900.0,2002,TA,PConc,SBrkr,1Fam,5,2290,CollegeCr,1,train,Corner,Reg,11250,70.0,OtherSd,TA,Gd
6,3,Y,Gd,750.0,0,2006,2Story,Ex,Attchd,CompShg,Y,notWD,2,35,Gable,AllPub,0,GasA,Gd,1,Unf,0,6,173900.0,2005,TA,PConc,SBrkr,1Fam,5,1500,CollegeCr,1,train,Inside,Reg,8846,68.0,VinylSd,TA,TA
7,2,Y,Gd,501.0,0,2010,1Story,Ex,Attchd,CompShg,Y,WD,2,61,Gable,AllPub,686,GasA,Gd,0,GLQ,105,6,206000.0,2006,TA,PConc,SBrkr,1Fam,5,1208,CollegeCr,1,train,Inside,Reg,6762,64.0,VinylSd,TA,Gd
7,3,Y,Gd,814.0,1,2009,1Story,Ex,Attchd,CompShg,Y,WD,2,66,notGable,AllPub,690,GasA,Gd,0,GLQ,115,6,203000.0,1996,TA,PConc,SBrkr,1Fam,5,1504,CollegeCr,1,train,Inside,Reg,11883,73.0,VinylSd,TA,Gd
7,2,Y,Gd,515.0,0,2006,1Story,Ex,Attchd,CompShg,Y,notWD,2,54,Gable,AllPub,684,GasA,Gd,0,GLQ,105,6,194000.0,2006,TA,PConc,SBrkr,1Fam,5,1220,CollegeCr,1,train,Inside,Reg,7406,64.0,VinylSd,TA,Gd
5,3,Y,TA,276.0,0,2007,1Story,TA,Detchd,CompShg,Y,WD,1,0,Gable,AllPub,138,GasA,TA,0,BLQ,96,5,112500.0,1972,TA,CBlock,SBrkr,1Fam,5,882,CollegeCr,1,train,Corner,Reg,7700,70.0,VinylSd,TA,TA
7,3,Y,Gd,668.0,0,2006,1Story,Ex,Attchd,CompShg,Y,WD,2,136,Gable,AllPub,986,GasA,Gd,0,GLQ,0,6,230000.0,2002,TA,PConc,SBrkr,1Fam,5,1654,CollegeCr,1,train,Inside,Reg,8125,70.0,VinylSd,TA,Gd
8,3,Y,Gd,1055.0,1,2008,2Story,Ex,Attchd,CompShg,Y,WD,2,45,Gable,AllPub,0,GasA,Gd,1,Unf,0,7,287000.0,2001,TA,PConc,SBrkr,1Fam,5,2263,CollegeCr,1,train,Inside,Reg,9240,70.0,VinylSd,TA,Gd
5,3,Y,Gd,304.0,0,2008,1Story,Ex,Detchd,CompShg,Y,WD,1,0,Gable,AllPub,686,GasA,TA,0,GLQ,0,5,145000.0,1994,TA,PConc,SBrkr,1Fam,5,990,CollegeCr,1,train,Inside,IR2,9245,57.0,VinylSd,TA,TA
7,3,Y,Gd,1316.0,1,2007,1Story,Ex,Attchd,CompShg,Y,notWD,2,20,Gable,AllPub,0,GasA,Gd,0,Unf,0,6,200141.0,2007,TA,PConc,SBrkr,1Fam,5,1316,CollegeCr,1,train,Corner,IR1,11175,103.0,VinylSd,TA,Gd
8,3,Y,Gd,133.0,1,2006,2Story,Ex,Attchd,CompShg,Y,WD,2,60,Gable,AllPub,932,GasA,Gd,1,GLQ,199,7,255000.0,2002,TA,PConc,SBrkr,1Fam,5,1989,CollegeCr,1,train,Corner,Reg,11367,90.0,VinylSd,TA,Gd
7,2,Y,Gd,1240.0,0,2007,1Story,Ex,Attchd,CompShg,Y,WD,2,93,Gable,AllPub,0,GasA,Gd,0,Unf,140,5,194000.0,2006,TA,PConc,SBrkr,1Fam,5,1240,CollegeCr,1,train,Inside,Reg,8556,74.0,VinylSd,TA,Gd
6,1,Y,Gd,186.0,1,2006,1Story,Ex,Attchd,CompShg,Y,WD,1,0,Gable,AllPub,662,GasA,Gd,0,GLQ,140,3,155900.0,2004,TA,PConc,SBrkr,Twnhs,5,848,CollegeCr,1,train,Inside,Reg,4435,37.0,VinylSd,TA,Gd
5,3,Y,Gd,495.0,0,2007,1Story,Gd,Attchd,CompShg,Y,WD,1,64,Gable,AllPub,495,GasA,TA,0,GLQ,0,5,126000.0,1994,TA,PConc,SBrkr,1Fam,5,990,CollegeCr,1,train,Inside,Reg,8775,65.0,VinylSd,TA,TA
7,3,Y,Gd,1459.0,1,2007,1Story,Ex,Attchd,CompShg,Y,WD,2,39,Gable,AllPub,0,GasA,Gd,0,Unf,192,6,192000.0,2002,TA,PConc,SBrkr,1Fam,5,1459,CollegeCr,1,train,Inside,Reg,8749,70.0,VinylSd,TA,Gd
6,3,Y,Gd,1290.0,1,2007,1Story,Gd,Attchd,CompShg,Y,WD,2,22,Gable,AllPub,24,GasA,Gd,0,GLQ,0,6,176432.0,2006,TA,PConc,SBrkr,1Fam,5,1314,CollegeCr,1,train,Inside,IR1,9317,78.0,VinylSd,TA,Gd
7,3,Y,Gd,1528.0,0,2006,1Story,Ex,Attchd,CompShg,Y,notWD,2,20,Gable,AllPub,24,GasA,Gd,0,GLQ,144,7,212900.0,2005,TA,PConc,SBrkr,1Fam,5,1552,CollegeCr,1,train,Inside,Reg,10084,84.0,VinylSd,TA,Gd
8,4,Y,Ex,316.0,1,2007,2Story,Ex,Attchd,CompShg,Y,notWD,3,144,notGable,AllPub,1150,GasA,Gd,0,GLQ,125,11,424870.0,2006,TA,PConc,SBrkr,1Fam,5,2828,CollegeCr,1,train,Inside,Reg,9965,77.0,VinylSd,TA,Gd
8,3,Y,Gd,1694.0,0,2010,1Story,Ex,Attchd,CompShg,Y,WD,2,33,Gable,AllPub,0,GasA,Gd,0,Unf,160,7,245350.0,2008,TA,PConc,SBrkr,1Fam,5,1694,CollegeCr,1,train,Corner,IR1,10475,64.0,VinylSd,TA,Gd
7,3,Y,Gd,831.0,0,2009,2Story,Ex,Attchd,CompShg,Y,WD,2,68,Gable,AllPub,0,GasA,Gd,1,Unf,144,7,195000.0,2002,TA,PConc,SBrkr,1Fam,5,1660,CollegeCr,1,train,Inside,IR1,8935,68.0,VinylSd,TA,Gd
7,3,Y,Gd,1212.0,0,2009,1Story,Ex,Attchd,CompShg,Y,WD,2,0,Gable,AllPub,0,GasA,Gd,0,Unf,356,6,178000.0,2001,TA,PConc,SBrkr,1Fam,5,1212,CollegeCr,1,train,Inside,Reg,9100,70.0,VinylSd,TA,Gd
7,3,Y,Gd,866.0,0,2009,2Story,Ex,Attchd,CompShg,Y,WD,2,36,Gable,AllPub,0,GasA,Gd,1,Unf,198,6,197900.0,1998,TA,PConc,SBrkr,1Fam,5,1779,CollegeCr,1,train,Corner,Reg,10400,80.0,VinylSd,TA,TA
7,3,Y,Gd,1630.0,1,2009,1Story,Ex,Attchd,CompShg,Y,WD,2,234,Gable,AllPub,0,GasA,Gd,0,Unf,74,6,213000.0,2000,TA,PConc,SBrkr,1Fam,5,1630,CollegeCr,1,train,Inside,Reg,9750,75.0,VinylSd,TA,Gd
6,3,Y,Gd,1342.0,0,2006,1Story,Ex,Attchd,CompShg,Y,WD,2,23,Gable,AllPub,340,GasA,Gd,0,GLQ,192,7,200000.0,2003,TA,PConc,SBrkr,1Fam,5,1700,CollegeCr,1,train,Inside,Reg,9135,70.0,VinylSd,TA,Gd
7,4,Y,Gd,847.0,1,2006,2Story,Ex,Attchd,CompShg,Y,WD,2,48,Gable,AllPub,0,GasA,Gd,1,Unf,100,8,195000.0,2004,TA,PConc,SBrkr,1Fam,5,1948,CollegeCr,1,train,FR2,IR2,12393,41.0,VinylSd,TA,Gd
7,3,Y,Gd,334.0,0,2008,2Story,Ex,Attchd,CompShg,Y,WD,2,63,Gable,AllPub,550,GasA,Gd,1,GLQ,0,8,224900.0,2003,TA,PConc,SBrkr,1Fam,5,1768,CollegeCr,1,train,Inside,Reg,8158,65.0,VinylSd,TA,Gd
7,3,Y,Gd,785.0,0,2009,1Story,Ex,Attchd,CompShg,Y,WD,2,72,Gable,AllPub,788,GasA,Gd,0,GLQ,0,6,227000.0,2002,TA,PConc,SBrkr,1Fam,5,1573,CollegeCr,1,train,Inside,IR1,9808,67.0,VinylSd,TA,Gd
5,3,Y,Gd,364.0,0,2009,1Story,TA,Detchd,CompShg,Y,WD,2,0,Gable,AllPub,532,GasA,Gd,0,BLQ,0,5,150500.0,1977,TA,CBlock,SBrkr,1Fam,7,1040,CollegeCr,1,train,Inside,IR1,8800,61.0,OtherSd,TA,TA
5,3,Y,Gd,244.0,0,2009,1Story,Ex,Detchd,CompShg,Y,WD,1,64,Gable,AllPub,746,GasA,TA,0,ALQ,0,5,138000.0,1994,NA,PConc,SBrkr,1Fam,5,990,CollegeCr,1,train,Inside,Reg,8072,60.0,VinylSd,Gd,TA
8,3,Y,Ex,1622.0,1,2009,1Story,Ex,Attchd,CompShg,Y,WD,2,42,Gable,AllPub,0,GasA,Ex,0,Unf,172,8,295493.0,2008,TA,PConc,SBrkr,1Fam,5,1630,CollegeCr,1,train,Inside,IR1,10226,61.0,VinylSd,TA,Gd
8,3,Y,Gd,1753.0,1,2006,1Story,Ex,Attchd,CompShg,Y,WD,2,150,notGable,AllPub,0,GasA,Gd,0,Unf,198,7,275000.0,2001,TA,PConc,SBrkr,1Fam,5,1787,CollegeCr,1,train,CulDSac,IR2,14781,70.0,VinylSd,TA,Gd
7,3,Y,Gd,216.0,0,2006,2Story,Ex,Attchd,CompShg,Y,WD,2,91,Gable,AllPub,700,GasA,Gd,1,GLQ,146,8,200000.0,2002,TA,PConc,SBrkr,1Fam,5,1861,CollegeCr,1,train,Corner,IR1,13450,95.0,VinylSd,TA,Gd
8,3,Y,Gd,1284.0,1,2007,2Story,Ex,Attchd,CompShg,Y,WD,2,87,Gable,AllPub,0,GasA,Gd,1,Unf,192,7,228500.0,2002,TA,PConc,SBrkr,1Fam,5,2169,CollegeCr,1,train,Inside,Reg,9375,70.0,VinylSd,TA,Gd
7,3,Y,Gd,257.0,1,2008,2Story,Ex,Attchd,CompShg,Y,WD,2,184,Gable,AllPub,735,GasA,Gd,1,GLQ,0,7,235000.0,2000,TA,PConc,SBrkr,1Fam,5,1865,CollegeCr,1,train,Inside,IR1,10316,70.0,VinylSd,TA,Gd
6,1,Y,Gd,163.0,0,2009,1Story,Ex,Attchd,CompShg,Y,WD,1,0,Gable,AllPub,685,GasA,Gd,0,GLQ,140,4,144000.0,2003,TA,PConc,SBrkr,Twnhs,5,848,CollegeCr,1,train,Inside,Reg,4435,70.0,VinylSd,TA,Gd
7,3,Y,Gd,133.0,1,2006,2Story,Ex,Detchd,CompShg,Y,WD,2,170,Gable,AllPub,975,GasA,Gd,1,GLQ,253,8,274300.0,1998,TA,PConc,SBrkr,1Fam,6,2097,CollegeCr,1,train,Corner,Reg,9750,75.0,VinylSd,TA,TA
7,3,Y,Gd,125.0,0,2006,1Story,Ex,Attchd,CompShg,Y,WD,2,36,Gable,AllPub,1400,GasA,Gd,0,GLQ,219,6,235000.0,2000,TA,PConc,SBrkr,1Fam,5,1525,CollegeCr,1,train,Inside,Reg,9100,70.0,VinylSd,TA,Gd
7,2,Y,Gd,1286.0,1,2006,1Story,Ex,Attchd,CompShg,Y,notWD,2,55,Gable,AllPub,0,GasA,Gd,0,Unf,168,6,193879.0,2006,NA,PConc,SBrkr,1Fam,5,1294,CollegeCr,1,train,Inside,Reg,6762,64.0,VinylSd,TA,Gd
7,3,Y,Gd,278.0,0,2009,2Story,Ex,Attchd,CompShg,Y,WD,2,45,Gable,AllPub,666,GasA,Gd,1,GLQ,0,6,230000.0,2001,TA,PConc,SBrkr,1Fam,5,1840,CollegeCr,1,train,Inside,Reg,12420,79.0,VinylSd,TA,Gd
6,1,Y,Gd,162.0,0,2008,1Story,Ex,Attchd,CompShg,Y,WD,1,0,Gable,AllPub,686,GasA,Gd,0,GLQ,140,3,136500.0,2003,TA,PConc,SBrkr,Twnhs,5,848,CollegeCr,1,train,Inside,Reg,4435,37.0,VinylSd,TA,Gd
6,1,Y,Gd,151.0,1,2008,1Story,Ex,Attchd,CompShg,Y,WD,1,0,Gable,AllPub,697,GasA,Gd,0,GLQ,149,3,149300.0,2004,TA,PConc,SBrkr,Twnhs,5,848,CollegeCr,1,train,Inside,Reg,4426,70.0,VinylSd,TA,Gd
7,3,Y,Gd,1422.0,0,2007,1Story,Ex,Attchd,CompShg,Y,WD,2,60,Gable,AllPub,0,GasA,Gd,0,Unf,192,7,179600.0,2004,TA,PConc,SBrkr,1Fam,5,1422,CollegeCr,1,train,FR2,Reg,8500,63.0,VinylSd,TA,Gd
4,2,N,NA,622.0,0,2008,1Story,TA,NA,CompShg,N,WD,2,0,Gable,AllPub,0,GasA,Fa,0,NA,0,6,82000.0,1955,NA,PConc,Fuse,Duplex,5,1152,Edwards,2,train,Inside,Reg,6040,65.0,OtherSd,TA,TA
4,3,Y,TA,622.0,0,2007,1Story,TA,Attchd,CompShg,P,WD,1,0,notGable,AllPub,520,GasA,TA,0,ALQ,120,6,94750.0,1965,TA,CBlock,Fuse,1Fam,5,960,Edwards,1,train,Inside,Reg,10921,73.0,OtherSd,TA,TA
6,4,Y,TA,622.0,0,2006,1.5Story,Gd,Attchd,CompShg,Y,WD,2,0,Gable,AllPub,444,GasA,TA,0,ALQ,182,7,136900.0,1954,NA,CBlock,SBrkr,1Fam,4,1855,Edwards,1,train,Inside,Reg,9525,75.0,OtherSd,TA,TA
5,2,Y,Gd,622.0,0,2007,1Story,Gd,Attchd,CompShg,Y,notWD,1,64,Gable,AllPub,0,GasA,TA,1,Unf,80,5,155000.0,2006,TA,PConc,SBrkr,1Fam,5,1125,Edwards,1,train,Corner,Reg,8536,74.0,VinylSd,TA,TA
6,2,N,TA,622.0,0,2008,1.5Story,Fa,NA,CompShg,N,WD,1,8,Gable,AllPub,0,Grav,TA,0,Unf,0,5,79000.0,1924,TA,BrkTil,Fuse,1Fam,5,1096,Edwards,1,train,Corner,Reg,9600,60.0,OtherSd,TA,TA
5,4,Y,TA,622.0,0,2008,1.5Story,Gd,NA,CompShg,Y,WD,2,0,Gable,AllPub,351,GasA,TA,0,ALQ,140,6,127500.0,1940,TA,BrkTil,SBrkr,2fmCon,7,1355,Edwards,2,train,Inside,Reg,10106,62.0,OtherSd,Gd,TA
6,4,Y,TA,622.0,1,2007,1Story,TA,Attchd,CompShg,Y,WD,2,29,Gable,AllPub,477,GasA,Gd,0,ALQ,0,7,243000.0,1950,NA,CBlock,SBrkr,1Fam,7,2158,Edwards,1,train,Corner,Reg,12615,84.0,OtherSd,TA,TA
5,3,Y,NA,622.0,1,2007,1Story,Ex,Attchd,CompShg,Y,WD,1,0,notGable,AllPub,0,GasA,TA,0,NA,116,7,120000.0,1957,NA,PConc,SBrkr,1Fam,6,1340,Edwards,1,train,Inside,Reg,9060,60.0,OtherSd,TA,TA
7,3,Y,Gd,622.0,0,2006,2Story,Ex,Detchd,CompShg,Y,WD,2,40,Gable,AllPub,0,GasA,Gd,0,Unf,0,7,130000.0,2004,TA,PConc,SBrkr,Twnhs,5,1709,Edwards,1,train,Inside,Reg,2522,24.0,VinylSd,TA,Gd
5,2,N,TA,622.0,0,2008,1Story,TA,NA,CompShg,Y,WD,1,0,Gable,AllPub,468,GasA,TA,0,ALQ,0,5,98000.0,1925,TA,CBlock,Fuse,1Fam,6,864,Edwards,1,train,Inside,Reg,5604,67.0,OtherSd,TA,TA
6,3,Y,Gd,622.0,0,2010,1Story,Ex,Attchd,CompShg,Y,WD,2,22,Gable,AllPub,36,GasA,Gd,0,GLQ,100,6,186000.0,2009,TA,PConc,SBrkr,1Fam,5,1212,Edwards,1,train,Corner,Reg,10420,83.0,VinylSd,TA,TA
6,3,Y,TA,622.0,1,2010,1.5Story,TA,Detchd,CompShg,Y,WD,1,140,Gable,AllPub,94,GasA,TA,1,BLQ,0,7,113000.0,1945,NA,CBlock,Fuse,1Fam,4,1487,Edwards,1,train,Inside,Reg,8741,52.0,VinylSd,TA,TA
6,3,Y,TA,622.0,1,2007,1Story,TA,Attchd,CompShg,Y,WD,1,30,notGable,AllPub,751,GasA,TA,1,BLQ,370,6,148000.0,1976,NA,CBlock,SBrkr,1Fam,7,1113,Edwards,1,train,Corner,IR1,7917,65.5,OtherSd,Gd,TA
5,3,Y,TA,622.0,1,2009,1.5Story,Gd,Attchd,CompShg,Y,WD,1,0,Gable,AllPub,292,GasA,TA,1,BLQ,0,8,131000.0,1949,TA,CBlock,SBrkr,1Fam,4,1716,Edwards,1,train,Inside,Reg,11409,60.0,OtherSd,TA,TA
5,3,N,TA,622.0,0,2008,1.5Story,TA,Detchd,CompShg,Y,notWD,1,0,Gable,AllPub,236,GasA,TA,0,BLQ,48,5,95000.0,1941,NA,CBlock,SBrkr,1Fam,6,1111,Edwards,1,train,Inside,Reg,9084,60.0,VinylSd,TA,TA
1,1,N,Fa,622.0,0,2009,1Story,Gd,NA,CompShg,Y,WD,0,0,Gable,AllPub,350,GasA,Fa,1,BLQ,0,4,61000.0,1922,NA,BrkTil,Fuse,1Fam,1,904,Edwards,1,train,Inside,IR1,10020,65.5,OtherSd,TA,TA
5,5,Y,TA,622.0,0,2006,1.5Story,TA,NA,CompShg,N,WD,1,151,notGable,AllPub,0,GasA,TA,0,Unf,0,8,81000.0,1910,TA,PConc,SBrkr,1Fam,3,1184,Edwards,1,train,FR2,Reg,8410,58.0,OtherSd,TA,TA
5,4,Y,TA,622.0,0,2008,1.5Story,Ex,Detchd,CompShg,Y,WD,1,130,Gable,AllPub,241,GasA,TA,0,ALQ,0,7,119000.0,1900,NA,BrkTil,SBrkr,1Fam,8,1367,Edwards,1,train,Inside,Reg,8405,50.0,MetalSd,TA,TA
5,3,Y,TA,622.0,0,2010,1Story,TA,Attchd,CompShg,Y,WD,1,0,Gable,AllPub,739,GasA,TA,0,BLQ,44,6,129000.0,1956,TA,CBlock,SBrkr,1Fam,6,1144,Edwards,1,train,Inside,Reg,9571,68.0,OtherSd,TA,TA
5,3,N,TA,622.0,0,2007,1.5Story,Fa,Detchd,CompShg,P,WD,1,0,Gable,AllPub,312,GasA,TA,1,ALQ,0,7,126000.0,1940,TA,BrkTil,Fuse,1Fam,6,1134,Edwards,1,train,Inside,Reg,8160,60.0,MetalSd,TA,TA
6,3,Y,TA,622.0,0,2009,1.5Story,Gd,Detchd,CompShg,Y,notWD,1,46,Gable,AllPub,0,GasA,Gd,0,Unf,0,7,110000.0,1920,NA,BrkTil,SBrkr,1Fam,8,1196,Edwards,1,train,Corner,Reg,12354,67.0,OtherSd,TA,TA
4,4,N,TA,622.0,0,2008,1Story,TA,NA,CompShg,Y,WD,2,0,Gable,AllPub,133,GasA,Fa,0,ALQ,0,8,118000.0,1955,TA,CBlock,Fuse,Duplex,4,1440,Edwards,2,train,Inside,Reg,12108,92.0,VinylSd,TA,TA
6,3,Y,TA,622.0,1,2009,1Story,Fa,Attchd,CompShg,Y,notWD,1,0,notGable,AllPub,0,GasA,TA,0,Unf,0,7,127500.0,1956,TA,CBlock,SBrkr,1Fam,5,1689,Edwards,1,train,Corner,Reg,9855,73.0,OtherSd,TA,TA
5,2,Y,TA,622.0,0,2007,1Story,Ex,Detchd,CompShg,Y,WD,1,0,notGable,AllPub,698,GasA,TA,0,ALQ,0,6,140000.0,1965,TA,CBlock,SBrkr,1Fam,7,1214,Edwards,1,train,Corner,Reg,9170,70.0,MetalSd,TA,TA
4,2,Y,TA,622.0,0,2007,1Story,Ex,NA,CompShg,N,WD,1,0,Gable,AllPub,348,GasA,TA,0,ALQ,0,5,86000.0,1920,TA,BrkTil,SBrkr,1Fam,7,605,Edwards,1,train,Inside,IR1,9098,58.0,OtherSd,TA,TA
5,3,Y,Gd,622.0,0,2008,2Story,TA,NA,CompShg,N,WD,1,0,Gable,AllPub,969,GasA,TA,0,GLQ,85,5,107500.0,1910,TA,CBlock,SBrkr,2fmCon,7,1347,Edwards,1,train,Inside,Reg,7000,70.0,MetalSd,TA,TA
4,2,Y,NA,622.0,0,2009,1Story,Ex,Detchd,CompShg,N,WD,2,96,Gable,AllPub,0,GasA,Gd,0,NA,0,5,108000.0,1949,NA,CBlock,SBrkr,1Fam,5,1126,Edwards,1,train,Inside,Reg,8777,67.0,VinylSd,TA,TA
5,3,Y,TA,622.0,1,2008,1Story,Ex,NA,CompShg,Y,WD,1,0,Gable,AllPub,290,GasA,TA,0,BLQ,144,6,108000.0,1940,TA,CBlock,SBrkr,1Fam,6,996,Edwards,1,train,Inside,Reg,13907,63.0,OtherSd,TA,TA
6,4,Y,Gd,622.0,1,2008,1.5Story,Ex,Detchd,CompShg,N,WD,2,36,Gable,AllPub,0,GasA,TA,0,Unf,72,8,185000.0,1918,TA,BrkTil,SBrkr,1Fam,7,1674,Edwards,1,train,Inside,Reg,21780,66.0,OtherSd,TA,TA
5,3,Y,TA,622.0,0,2006,2Story,Ex,Attchd,CompShg,Y,WD,3,0,Gable,AllPub,603,GasA,Ex,0,GLQ,103,8,225000.0,1948,NA,CBlock,SBrkr,1Fam,8,2008,Edwards,1,train,Inside,Reg,7800,78.0,MetalSd,Gd,TA
5,2,Y,Fa,622.0,0,2008,1Story,Gd,NA,CompShg,P,WD,1,0,Gable,AllPub,0,GasA,TA,0,Unf,328,4,85000.0,1910,TA,CBlock,Fuse,1Fam,7,796,Edwards,1,train,Inside,Reg,8777,67.0,MetalSd,TA,TA
6,3,Y,TA,622.0,2,2008,1Story,Ex,Attchd,CompShg,Y,WD,1,0,notGable,AllPub,500,GasA,TA,0,ALQ,0,5,155000.0,1953,TA,CBlock,SBrkr,1Fam,5,1094,Edwards,1,train,Inside,IR1,10452,85.0,OtherSd,TA,TA
4,4,Y,TA,622.0,1,2009,2Story,TA,Detchd,CompShg,P,WD,1,0,Gable,AllPub,0,GasA,TA,0,Unf,120,7,108000.0,1940,TA,CBlock,SBrkr,1Fam,5,1510,Edwards,1,train,Inside,Reg,9084,60.0,MetalSd,TA,TA
5,3,Y,TA,622.0,0,2009,1Story,Ex,Detchd,CompShg,Y,WD,1,0,notGable,AllPub,637,GasA,TA,0,BLQ,0,7,167000.0,1964,TA,PConc,SBrkr,1Fam,7,1486,Edwards,1,train,Corner,Reg,9937,75.0,MetalSd,Gd,TA
5,2,Y,Ex,622.0,0,2006,1Story,Fa,Detchd,CompShg,Y,WD,1,0,Gable,AllPub,210,GasA,TA,0,BLQ,0,6,123500.0,1952,NA,PConc,Fuse,1Fam,7,1148,Edwards,1,train,Inside,IR1,6420,57.0,OtherSd,TA,TA
9,3,Y,Ex,622.0,1,2009,1Story,Ex,Attchd,CompShg,Y,WD,2,64,notGable,AllPub,1234,GasA,Ex,0,GLQ,327,8,320000.0,2007,TA,PConc,SBrkr,1Fam,5,1698,Edwards,1,train,Inside,IR1,13286,86.0,OtherSd,TA,Gd
5,3,Y,Gd,622.0,0,2009,1Story,TA,NA,CompShg,Y,WD,3,0,Gable,AllPub,1200,GasA,TA,0,GLQ,120,5,179000.0,1987,NA,CBlock,SBrkr,Duplex,5,1200,Edwards,1,train,Inside,Reg,10800,60.0,OtherSd,TA,TA
4,4,N,NA,622.0,0,2009,1.5Story,TA,Detchd,CompShg,N,WD,2,0,Gable,AllPub,0,Wall,TA,0,NA,92,9,98000.0,1945,NA,BrkTil,Fuse,1Fam,3,1529,Edwards,1,train,Inside,Reg,8405,50.0,OtherSd,TA,TA
5,3,Y,TA,622.0,0,2006,1.5Story,Gd,Detchd,CompShg,P,WD,1,0,Gable,AllPub,0,GasW,Fa,1,Unf,207,7,116000.0,1918,TA,BrkTil,SBrkr,1Fam,7,1250,Edwards,1,train,Inside,Reg,8248,45.0,OtherSd,TA,TA
5,3,Y,TA,622.0,0,2008,1.5Story,Ex,Detchd,CompShg,Y,WD,1,0,Gable,AllPub,352,GasA,TA,0,BLQ,0,6,130500.0,1946,TA,CBlock,SBrkr,1Fam,6,1200,Edwards,1,train,Inside,Reg,11767,70.0,MetalSd,TA,TA
5,2,Y,Ex,622.0,0,2007,1Story,Gd,Attchd,CompShg,Y,WD,1,49,Gable,AllPub,980,GasA,TA,1,ALQ,0,5,157000.0,2005,NA,PConc,SBrkr,1Fam,5,1090,Edwards,1,train,Inside,Reg,7024,60.0,VinylSd,TA,TA
5,3,Y,TA,622.0,0,2008,1.5Story,TA,Attchd,CompShg,Y,WD,1,0,Gable,AllPub,0,GasA,TA,1,Unf,121,8,135500.0,1955,TA,PConc,SBrkr,1Fam,7,1393,Edwards,1,train,Inside,IR1,16466,59.0,MetalSd,Gd,TA
5,4,Y,TA,622.0,0,2008,1.5Story,Gd,NA,CompShg,N,WD,2,70,Gable,AllPub,1084,GasA,TA,2,ALQ,0,9,145900.0,1900,TA,CBlock,SBrkr,Duplex,7,2200,Edwards,2,train,Inside,Reg,8777,67.0,MetalSd,TA,TA
4,4,Y,Gd,622.0,0,2007,1Story,TA,NA,CompShg,N,notWD,2,0,Gable,AllPub,1440,GasA,TA,0,GLQ,321,8,150000.0,1977,TA,PConc,SBrkr,Duplex,3,1440,Edwards,2,train,Inside,IR1,7711,42.0,MetalSd,TA,TA
4,3,Y,TA,622.0,0,2007,1Story,Ex,Detchd,CompShg,Y,WD,1,0,Gable,AllPub,552,GasA,TA,0,BLQ,0,5,110000.0,1954,TA,CBlock,SBrkr,1Fam,5,894,Edwards,1,train,Inside,Reg,9450,68.0,MetalSd,TA,TA
5,3,N,TA,622.0,0,2008,1Story,TA,Detchd,CompShg,Y,notWD,1,48,Gable,AllPub,1040,GasW,TA,0,ALQ,0,5,125000.0,1950,TA,CBlock,SBrkr,2fmCon,5,1164,Edwards,1,train,Inside,Reg,10880,68.0,MetalSd,TA,TA
3,2,N,NA,622.0,0,2009,1Story,Fa,Detchd,notCompShg,Y,WD,1,0,notGable,AllPub,0,GasW,Fa,0,NA,0,4,82000.0,1952,NA,BrkTil,Fuse,1Fam,3,944,Edwards,1,train,Corner,Reg,10206,74.0,OtherSd,TA,TA
4,2,Y,Gd,622.0,0,2008,1Story,Ex,Attchd,CompShg,Y,WD,1,64,Gable,AllPub,1024,GasA,Gd,1,GLQ,252,5,176000.0,2005,TA,PConc,SBrkr,1Fam,5,1132,Edwards,1,train,Inside,Reg,7024,60.0,VinylSd,TA,TA
4,3,N,NA,622.0,0,2009,1Story,Ex,Detchd,CompShg,N,WD,1,0,Gable,AllPub,0,GasA,TA,0,NA,186,5,84000.0,1957,NA,BrkTil,SBrkr,1Fam,3,845,Edwards,1,train,CulDSac,IR1,11500,65.5,OtherSd,Gd,TA
3,4,Y,NA,622.0,1,2009,1Story,Ex,Attchd,CompShg,Y,WD,2,0,notGable,AllPub,0,GasA,TA,0,NA,0,8,139600.0,1955,NA,BrkTil,Fuse,1Fam,5,1733,Edwards,1,train,CulDSac,IR1,13680,65.5,OtherSd,TA,TA
4,2,Y,NA,622.0,0,2010,1Story,Ex,Detchd,CompShg,Y,WD,1,0,Gable,AllPub,0,GasA,Gd,0,NA,0,6,84900.0,1946,NA,CBlock,SBrkr,1Fam,7,930,Edwards,1,train,Inside,Reg,11100,60.0,MetalSd,TA,TA
5,4,Y,TA,622.0,1,2010,1Story,Ex,Attchd,CompShg,Y,WD,1,78,notGable,AllPub,383,GasA,TA,0,ALQ,116,7,144500.0,1957,TA,CBlock,Fuse,1Fam,6,1526,Edwards,1,train,Inside,Reg,8562,68.0,OtherSd,TA,TA
5,4,Y,Fa,622.0,1,2006,1.5Story,Fa,Detchd,CompShg,P,WD,1,0,Gable,AllPub,0,GasA,TA,0,Unf,0,7,91500.0,1948,NA,CBlock,Fuse,1Fam,3,1456,Edwards,1,train,Inside,Reg,7585,50.0,MetalSd,TA,TA
6,3,Y,TA,622.0,0,2009,2Story,TA,Attchd,CompShg,Y,WD,1,0,notGable,AllPub,535,GasA,TA,1,BLQ,252,6,159500.0,1977,TA,CBlock,SBrkr,1Fam,6,1426,Edwards,1,train,Corner,IR1,7950,75.0,OtherSd,TA,TA
7,3,Y,Gd,622.0,0,2006,2Story,Ex,Detchd,CompShg,Y,WD,2,40,Gable,AllPub,0,GasA,Gd,0,Unf,0,7,137500.0,2004,TA,PConc,SBrkr,Twnhs,5,1709,Edwards,1,train,Inside,Reg,2522,24.0,VinylSd,TA,Gd
4,3,Y,TA,622.0,0,2009,1Story,Ex,Attchd,CompShg,Y,notWD,1,0,Gable,AllPub,0,GasA,TA,0,Unf,64,5,112000.0,1956,TA,CBlock,Fuse,1Fam,3,960,Edwards,1,train,Corner,IR1,8926,65.5,OtherSd,TA,TA
5,2,Y,TA,622.0,0,2009,1Story,Ex,NA,CompShg,Y,WD,1,200,notGable,AllPub,0,GasA,TA,0,Unf,0,4,118000.0,1947,TA,CBlock,SBrkr,1Fam,9,698,Edwards,1,train,Inside,Reg,9405,50.0,VinylSd,Gd,TA
4,2,N,Gd,622.0,0,2010,1.5Story,Fa,Detchd,CompShg,Y,WD,1,0,Gable,AllPub,348,Grav,Fa,0,BLQ,0,5,80000.0,1941,TA,BrkTil,Fuse,2fmCon,4,924,Edwards,1,train,Inside,Reg,12180,60.0,MetalSd,TA,TA
5,3,Y,TA,622.0,2,2006,1Story,TA,Attchd,CompShg,Y,WD,1,140,Gable,AllPub,176,GasA,Fa,1,BLQ,0,6,149900.0,1959,TA,CBlock,SBrkr,1Fam,4,1466,Edwards,1,train,Inside,Reg,17755,134.0,OtherSd,TA,TA
6,4,Y,TA,622.0,2,2008,2Story,Ex,Attchd,CompShg,Y,WD,2,0,notGable,AllPub,626,GasA,Gd,0,ALQ,0,7,235000.0,1935,TA,CBlock,SBrkr,1Fam,7,2108,Edwards,1,train,Corner,Reg,13728,120.0,OtherSd,TA,TA
5,3,Y,NA,622.0,1,2006,1Story,Gd,NA,CompShg,N,WD,1,36,Gable,AllPub,0,GasA,TA,0,NA,0,5,93000.0,1954,NA,BrkTil,SBrkr,1Fam,5,1124,Edwards,1,train,Corner,Reg,8335,77.0,OtherSd,TA,TA
5,4,Y,TA,622.0,0,2006,1.5Story,Gd,Attchd,CompShg,Y,WD,1,0,Gable,AllPub,392,GasA,TA,0,BLQ,0,7,104900.0,1924,TA,BrkTil,SBrkr,1Fam,7,1221,Edwards,1,train,Inside,Reg,9738,60.0,OtherSd,Gd,TA
4,2,Y,TA,622.0,0,2009,1Story,TA,Attchd,CompShg,N,WD,1,113,notGable,AllPub,344,GasA,TA,0,ALQ,0,4,113000.0,1941,TA,CBlock,SBrkr,1Fam,6,672,Edwards,1,train,Inside,Reg,9340,50.0,MetalSd,TA,TA
7,3,Y,Gd,622.0,1,2008,2Story,Ex,Attchd,CompShg,Y,WD,2,128,Gable,AllPub,0,GasA,Gd,1,Unf,178,7,165400.0,2003,TA,PConc,SBrkr,1Fam,5,1656,Edwards,1,train,Inside,Reg,6931,60.0,VinylSd,TA,Gd
5,2,Y,Fa,622.0,0,2009,1Story,Ex,NA,CompShg,Y,WD,1,96,Gable,AllPub,0,GasA,TA,0,Unf,0,4,99900.0,1922,TA,PConc,SBrkr,1Fam,8,864,Edwards,1,train,Corner,Reg,4060,56.0,OtherSd,TA,TA
10,3,Y,Ex,622.0,3,2008,2Story,Ex,Attchd,notCompShg,Y,notWD,2,292,notGable,AllPub,5644,GasA,Ex,1,GLQ,214,12,160000.0,2008,TA,PConc,SBrkr,1Fam,5,5642,Edwards,1,train,Corner,IR3,63887,313.0,OtherSd,TA,Gd
7,3,Y,Gd,622.0,0,2006,2Story,Ex,Detchd,CompShg,Y,WD,2,40,Gable,AllPub,0,GasA,Gd,0,Unf,0,7,130000.0,2004,TA,PConc,SBrkr,Twnhs,5,1708,Edwards,1,train,Inside,Reg,3363,32.0,VinylSd,TA,Gd
4,3,Y,TA,622.0,1,2007,1Story,Ex,Detchd,CompShg,Y,WD,1,36,notGable,AllPub,732,GasA,TA,0,ALQ,0,5,119000.0,1954,TA,CBlock,SBrkr,1Fam,6,948,Edwards,1,train,Inside,Reg,8190,60.0,OtherSd,TA,TA
4,3,Y,TA,622.0,0,2007,1Story,Ex,Attchd,CompShg,Y,WD,1,0,notGable,AllPub,492,GasA,TA,0,ALQ,0,5,111000.0,1954,TA,PConc,SBrkr,1Fam,5,948,Edwards,1,train,Inside,Reg,10215,75.0,OtherSd,TA,TA
4,2,Y,TA,622.0,1,2009,1Story,Ex,Detchd,CompShg,Y,WD,1,0,Gable,AllPub,690,GasA,TA,0,ALQ,0,3,100000.0,1938,TA,CBlock,SBrkr,1Fam,6,816,Edwards,1,train,Inside,Reg,8877,67.0,MetalSd,TA,TA
5,3,Y,TA,622.0,0,2009,1.5Story,Ex,Detchd,CompShg,Y,WD,2,68,Gable,AllPub,408,GasA,TA,0,BLQ,0,6,117000.0,1941,TA,CBlock,SBrkr,1Fam,5,1604,Edwards,1,train,Inside,Reg,10998,60.0,OtherSd,TA,TA
3,2,N,TA,622.0,0,2010,1Story,TA,Detchd,CompShg,Y,WD,1,0,Gable,AllPub,203,GasA,TA,0,ALQ,0,5,58500.0,1914,NA,BrkTil,Fuse,1Fam,3,864,Edwards,1,train,Inside,Reg,8212,45.0,OtherSd,TA,TA
6,2,Y,TA,622.0,0,2009,1.5Story,TA,Detchd,CompShg,P,WD,1,0,Gable,AllPub,204,GasA,TA,0,ALQ,0,6,105000.0,1939,TA,BrkTil,SBrkr,1Fam,5,1258,Edwards,1,train,Inside,Reg,9060,60.0,OtherSd,TA,TA
4,2,N,Fa,622.0,0,2007,2Story,Gd,Detchd,CompShg,Y,WD,1,24,Gable,AllPub,0,GasA,TA,1,Unf,168,6,112000.0,1910,TA,CBlock,SBrkr,1Fam,7,1346,Edwards,1,train,Inside,Reg,11767,70.0,MetalSd,TA,TA
7,2,Y,TA,952.0,2,2008,1.5Story,Gd,Detchd,CompShg,Y,WD,2,0,Gable,AllPub,0,GasA,TA,0,Unf,90,8,129900.0,1931,TA,BrkTil,Fuse,1Fam,5,1774,OldTown,2,train,Inside,Reg,6120,51.0,OtherSd,TA,TA
4,2,Y,TA,736.0,0,2009,2Story,Gd,NA,CompShg,N,notWD,2,0,Gable,AllPub,0,GasA,TA,0,Unf,0,8,113000.0,1920,TA,BrkTil,SBrkr,2fmCon,5,1452,OldTown,3,train,Inside,Reg,4456,33.0,MetalSd,TA,TA
4,2,Y,TA,747.0,0,2010,1Story,TA,Attchd,CompShg,Y,WD,1,0,Gable,AllPub,0,GasA,TA,0,Unf,0,4,80000.0,1945,TA,CBlock,SBrkr,1Fam,6,747,OldTown,1,train,Corner,Reg,4608,47.0,MetalSd,Gd,TA
3,3,N,Fa,840.0,0,2010,2Story,Gd,Detchd,CompShg,Y,WD,2,0,notGable,AllPub,0,GasA,TA,0,Unf,0,8,107400.0,1915,TA,CBlock,SBrkr,1Fam,6,1605,OldTown,2,train,Corner,Reg,5790,60.0,VinylSd,Gd,Gd
6,4,N,TA,168.0,1,2007,2.5Story,Ex,Detchd,CompShg,Y,WD,2,0,notGable,AllPub,1046,GasW,TA,0,ALQ,0,9,133900.0,1910,NA,BrkTil,SBrkr,2fmCon,6,2291,OldTown,2,train,Corner,Reg,7200,60.0,MetalSd,TA,TA
4,2,Y,Fa,641.0,0,2007,1Story,Gd,Detchd,CompShg,N,WD,1,0,notGable,AllPub,0,GasA,TA,0,Unf,0,6,100000.0,1885,TA,BrkTil,SBrkr,1Fam,7,1047,OldTown,1,train,Inside,Reg,10800,60.0,VinylSd,TA,TA
5,2,Y,TA,516.0,0,2008,1Story,Ex,Detchd,CompShg,Y,WD,1,0,Gable,AllPub,104,GasA,TA,0,ALQ,0,5,115000.0,1948,TA,CBlock,SBrkr,1Fam,5,789,OldTown,1,train,Inside,Reg,6000,50.0,VinylSd,TA,TA
5,3,Y,TA,556.0,1,2007,1.5Story,Ex,NA,CompShg,N,WD,1,0,Gable,AllPub,116,GasA,TA,0,BLQ,0,5,87000.0,1930,TA,BrkTil,SBrkr,1Fam,7,840,OldTown,1,train,Inside,IR1,4388,55.0,OtherSd,Gd,TA
6,4,Y,TA,1200.0,0,2006,1Story,TA,Detchd,CompShg,Y,WD,1,0,Gable,AllPub,0,GasA,TA,0,Unf,0,7,125000.0,1923,TA,BrkTil,Fuse,1Fam,5,1200,OldTown,1,train,Corner,Reg,11340,84.0,OtherSd,TA,TA
6,3,Y,TA,779.0,0,2007,1Story,Gd,Detchd,CompShg,Y,WD,2,0,Gable,AllPub,370,GasA,Gd,0,BLQ,0,5,152000.0,1926,TA,BrkTil,Fuse,1Fam,7,1616,OldTown,1,train,Corner,Reg,5400,40.0,MetalSd,Gd,TA
5,2,Y,TA,360.0,0,2007,1.5Story,TA,Detchd,CompShg,Y,WD,1,0,Gable,AllPub,360,GasA,TA,1,ALQ,237,7,128500.0,1941,TA,CBlock,SBrkr,1Fam,6,1382,OldTown,1,train,Inside,IR1,12358,60.0,MetalSd,TA,TA
5,2,Y,TA,968.0,0,2007,1Story,TA,Detchd,CompShg,N,WD,1,0,Gable,AllPub,0,GasA,TA,0,Unf,0,5,100000.0,1923,TA,CBlock,SBrkr,1Fam,6,968,OldTown,1,train,Inside,Reg,8520,60.0,OtherSd,TA,Gd
7,3,Y,Gd,1362.0,0,2008,1.5Story,Ex,Detchd,CompShg,N,WD,2,238,Gable,AllPub,0,GasA,Gd,1,Unf,280,6,200000.0,2003,TA,PConc,SBrkr,1Fam,5,2082,OldTown,1,train,Inside,Reg,11426,63.0,VinylSd,TA,TA
10,4,Y,TA,1107.0,2,2006,2.5Story,Ex,Detchd,notCompShg,Y,WD,2,260,Gable,AllPub,0,GasA,Ex,1,Unf,0,12,475000.0,1892,TA,BrkTil,SBrkr,1Fam,9,3608,OldTown,1,train,Inside,IR2,22950,90.0,OtherSd,Gd,Gd
6,5,Y,TA,755.0,0,2009,2.5Story,Ex,NA,CompShg,Y,WD,1,198,Gable,AllPub,0,GasA,TA,0,Unf,0,8,104000.0,1912,TA,CBlock,SBrkr,1Fam,6,2229,OldTown,1,train,Corner,Reg,5520,92.0,OtherSd,TA,TA
6,2,Y,Fa,0.0,0,2006,1.5Story,Gd,Attchd,CompShg,Y,notWD,2,0,Gable,AllPub,617,GasA,TA,0,BLQ,0,6,112000.0,1924,TA,BrkTil,SBrkr,1Fam,6,1310,OldTown,1,train,Corner,Reg,7000,50.0,MetalSd,Gd,TA
5,2,Y,TA,408.0,0,2009,1.5Story,TA,Detchd,CompShg,Y,WD,1,35,Gable,AllPub,312,GasA,TA,1,BLQ,0,5,110000.0,1947,TA,CBlock,SBrkr,1Fam,7,1284,OldTown,1,train,Inside,Reg,3500,50.0,OtherSd,TA,TA
4,3,N,TA,686.0,0,2006,2Story,Fa,Detchd,CompShg,Y,WD,1,172,Gable,AllPub,0,GasA,TA,0,Unf,0,8,107000.0,1925,TA,CBlock,SBrkr,1Fam,4,1328,OldTown,1,train,Inside,Reg,9906,57.0,MetalSd,TA,TA
5,2,Y,TA,357.0,0,2007,1Story,Gd,NA,CompShg,Y,WD,1,42,Gable,AllPub,329,GasA,Gd,0,ALQ,58,4,110500.0,1945,TA,CBlock,SBrkr,1Fam,9,866,OldTown,1,train,Inside,Reg,3880,40.0,VinylSd,Gd,TA
6,4,N,Fa,1020.0,0,2006,2Story,Gd,Detchd,CompShg,Y,WD,2,60,Gable,AllPub,0,GasA,Fa,0,Unf,0,9,137000.0,1910,TA,BrkTil,Fuse,2fmCon,8,1928,OldTown,2,train,Inside,Reg,9142,69.0,OtherSd,TA,TA
5,2,Y,NA,0.0,0,2008,1Story,Gd,Detchd,CompShg,Y,WD,1,45,Gable,AllPub,0,GasA,TA,0,NA,0,4,97000.0,1956,NA,PConc,Fuse,1Fam,5,882,OldTown,1,train,Inside,Reg,12702,70.0,OtherSd,TA,TA
5,3,Y,TA,0.0,0,2010,1.5Story,TA,Detchd,CompShg,Y,WD,1,0,Gable,AllPub,234,GasA,TA,0,BLQ,0,6,130000.0,1929,TA,BrkTil,SBrkr,1Fam,7,1316,OldTown,1,train,Corner,Reg,5500,50.0,OtherSd,TA,TA
5,2,N,Fa,680.0,0,2008,1Story,Gd,Detchd,CompShg,N,WD,1,0,Gable,AllPub,0,GasA,TA,0,Unf,0,4,73000.0,1925,TA,BrkTil,Fuse,1Fam,5,764,OldTown,1,train,Inside,IR3,5232,30.0,OtherSd,TA,TA
7,3,Y,TA,1470.0,1,2008,2.5Story,Ex,Attchd,CompShg,Y,WD,3,0,Gable,AllPub,0,GasA,Gd,0,Unf,302,10,295000.0,1880,TA,BrkTil,SBrkr,1Fam,9,3493,OldTown,1,train,Inside,Reg,18386,87.0,OtherSd,TA,TA
7,3,Y,TA,712.0,1,2006,2Story,Ex,Detchd,CompShg,Y,WD,1,0,Gable,AllPub,16,GasA,Ex,1,BLQ,0,6,178000.0,1925,NA,BrkTil,SBrkr,1Fam,7,1641,OldTown,1,train,Inside,Reg,9600,60.0,OtherSd,TA,TA
3,3,Y,TA,906.0,0,2006,1Story,Ex,Attchd,CompShg,Y,WD,1,98,Gable,AllPub,256,GasA,TA,0,ALQ,142,6,126175.0,1955,TA,CBlock,SBrkr,1Fam,8,1163,OldTown,1,train,Inside,Reg,5820,49.0,VinylSd,Gd,TA
6,2,Y,TA,624.0,0,2010,1Story,Gd,Detchd,CompShg,Y,WD,1,0,Gable,AllPub,0,GasA,TA,0,Unf,106,5,105900.0,1928,TA,BrkTil,SBrkr,1Fam,8,720,OldTown,1,train,Inside,Reg,8520,60.0,VinylSd,Gd,TA
5,2,Y,TA,735.0,0,2007,1.5Story,Gd,Detchd,CompShg,Y,WD,1,39,Gable,AllPub,0,GasA,TA,0,Unf,0,5,109000.0,1940,TA,CBlock,Fuse,1Fam,6,1034,OldTown,1,train,Inside,Reg,10134,60.0,MetalSd,TA,TA
7,3,Y,TA,651.0,2,2009,2Story,Gd,Detchd,CompShg,P,WD,1,0,Gable,AllPub,0,GasA,TA,1,Unf,0,6,135000.0,1946,TA,CBlock,SBrkr,1Fam,8,1389,OldTown,1,train,Inside,Reg,3378,60.0,OtherSd,Gd,TA
6,2,Y,Fa,648.0,0,2006,1.5Story,TA,Detchd,CompShg,Y,WD,1,0,Gable,AllPub,0,GasA,TA,0,Unf,0,6,116000.0,1920,TA,BrkTil,Fuse,1Fam,8,1118,OldTown,1,train,Inside,Reg,4400,40.0,OtherSd,TA,TA
3,2,Y,TA,318.0,0,2007,1.5Story,Ex,Detchd,CompShg,Y,WD,1,176,Gable,AllPub,331,GasA,TA,1,ALQ,0,6,120000.0,1948,TA,CBlock,SBrkr,1Fam,7,1183,OldTown,1,train,Inside,Reg,6000,50.0,MetalSd,Gd,TA
6,2,Y,TA,813.0,0,2006,1Story,Ex,Detchd,CompShg,N,WD,1,113,notGable,AllPub,0,GasA,Gd,0,Unf,0,5,110000.0,1930,TA,BrkTil,Fuse,1Fam,8,813,OldTown,1,train,Inside,Reg,5684,70.0,OtherSd,TA,TA
5,4,N,TA,624.0,0,2008,2Story,Fa,Detchd,CompShg,Y,notWD,1,0,Gable,AllPub,0,GasA,TA,0,Unf,0,7,98000.0,1916,TA,BrkTil,SBrkr,1Fam,5,1344,OldTown,1,train,Inside,Reg,4571,34.0,OtherSd,TA,TA
4,2,Y,Fa,739.0,0,2007,1Story,TA,Detchd,CompShg,Y,WD,1,72,notGable,AllPub,168,GasA,TA,0,ALQ,0,7,89471.0,1937,TA,BrkTil,SBrkr,1Fam,7,1131,OldTown,1,train,Inside,Reg,5925,50.0,OtherSd,TA,TA
5,3,N,TA,290.0,1,2006,1.5Story,TA,Attchd,CompShg,N,notWD,2,0,Gable,AllPub,664,GasA,TA,0,BLQ,142,10,160000.0,1900,NA,CBlock,Fuse,2fmCon,4,2414,OldTown,2,train,Corner,Reg,10800,60.0,OtherSd,TA,TA
5,2,Y,Fa,190.0,0,2009,1Story,Gd,Attchd,CompShg,Y,WD,1,20,Gable,AllPub,0,GasA,TA,0,Unf,144,4,91300.0,1938,TA,BrkTil,Fuse,1Fam,8,886,OldTown,1,train,Inside,Reg,5784,50.0,MetalSd,TA,TA
5,4,Y,TA,960.0,0,2009,2Story,Gd,Detchd,CompShg,N,notWD,2,0,notGable,AllPub,0,GasA,TA,0,Unf,0,10,124500.0,1952,TA,CBlock,SBrkr,Duplex,5,1960,OldTown,2,train,Inside,Reg,7596,60.0,OtherSd,TA,TA
4,3,N,NA,0.0,0,2008,2Story,TA,NA,CompShg,N,WD,2,114,Gable,AllPub,0,GasA,TA,0,NA,220,7,106250.0,1900,NA,BrkTil,Fuse,2fmCon,7,1294,OldTown,2,train,Inside,Reg,10800,60.0,MetalSd,TA,TA
5,2,Y,TA,0.0,0,2008,1Story,TA,Detchd,CompShg,Y,WD,1,50,Gable,AllPub,180,GasA,TA,0,BLQ,140,4,125000.0,1955,TA,CBlock,SBrkr,1Fam,7,825,OldTown,1,train,Inside,IR1,8235,49.0,MetalSd,Gd,TA
5,3,Y,TA,620.0,0,2008,1Story,Gd,Attchd,CompShg,Y,WD,1,0,notGable,AllPub,308,GasA,TA,0,ALQ,0,5,112500.0,1957,TA,CBlock,Fuse,1Fam,6,928,OldTown,1,train,Inside,Reg,6000,50.0,OtherSd,TA,TA
5,4,N,TA,1050.0,0,2008,1.5Story,Ex,Attchd,CompShg,Y,WD,2,0,Gable,AllPub,0,GasA,TA,0,Unf,0,7,131500.0,1954,TA,BrkTil,Fuse,1Fam,5,1795,OldTown,1,train,Inside,Reg,12150,81.0,MetalSd,TA,TA
6,3,N,TA,684.0,0,2006,2Story,Ex,Detchd,CompShg,N,WD,1,158,Gable,AllPub,0,GasA,TA,0,Unf,0,7,114504.0,1910,TA,CBlock,Fuse,1Fam,7,1368,OldTown,1,train,Inside,Reg,3600,60.0,VinylSd,TA,TA
5,3,Y,Fa,636.0,0,2006,2Story,TA,Detchd,CompShg,N,WD,1,0,Gable,AllPub,0,GasA,Ex,0,Unf,0,8,124000.0,1880,NA,BrkTil,Fuse,1Fam,6,1750,OldTown,1,train,Corner,Reg,9000,50.0,VinylSd,TA,TA
5,3,Y,TA,811.0,0,2009,1.5Story,TA,Attchd,CompShg,Y,WD,2,0,Gable,AllPub,0,GasA,Gd,0,Unf,0,7,93000.0,1954,TA,CBlock,Fuse,2fmCon,4,1387,OldTown,2,train,Inside,Reg,6000,50.0,OtherSd,TA,TA
5,2,Y,TA,768.0,0,2009,1Story,Ex,Detchd,CompShg,N,WD,1,0,Gable,AllPub,0,GasA,Gd,0,Unf,316,5,109500.0,1924,TA,BrkTil,SBrkr,1Fam,8,792,OldTown,1,train,Inside,Reg,9022,52.0,VinylSd,TA,Gd
7,3,Y,TA,718.0,0,2007,2Story,Ex,Detchd,CompShg,P,WD,1,48,Gable,AllPub,0,GasA,TA,1,Unf,0,8,159500.0,1890,TA,BrkTil,SBrkr,1Fam,8,2554,OldTown,1,train,Inside,Reg,10800,60.0,OtherSd,Gd,TA
7,2,N,Gd,490.0,2,2006,2.5Story,Fa,Detchd,CompShg,N,WD,1,341,Gable,AllPub,390,GasW,TA,1,ALQ,0,6,163000.0,1914,TA,BrkTil,SBrkr,1Fam,7,1768,OldTown,1,train,Inside,Reg,10800,60.0,OtherSd,TA,TA
5,2,Y,Fa,264.0,0,2007,2Story,Ex,Detchd,CompShg,Y,WD,2,0,Gable,AllPub,0,GasA,TA,0,Unf,270,7,132000.0,1910,NA,BrkTil,SBrkr,1Fam,7,1432,OldTown,1,train,Inside,Reg,9600,60.0,OtherSd,Gd,TA
7,4,N,TA,1240.0,1,2009,2Story,TA,Detchd,CompShg,N,WD,1,0,notGable,AllPub,0,GasW,Gd,1,Unf,181,8,265979.0,1880,NA,BrkTil,SBrkr,1Fam,7,2640,OldTown,1,train,Corner,IR1,11700,65.0,OtherSd,TA,Gd
6,3,Y,TA,742.0,1,2008,2.5Story,Ex,NA,CompShg,Y,WD,2,291,Gable,AllPub,0,GasA,TA,0,Unf,0,9,128000.0,1914,TA,CBlock,SBrkr,1Fam,6,1484,OldTown,1,train,Inside,Reg,6300,35.0,OtherSd,TA,TA
5,4,Y,Fa,0.0,0,2010,1.5Story,TA,Detchd,CompShg,Y,WD,2,0,Gable,AllPub,686,GasA,TA,0,BLQ,0,7,139000.0,1915,TA,PConc,SBrkr,1Fam,6,1652,OldTown,1,train,Inside,Reg,10800,60.0,MetalSd,Gd,TA
4,2,Y,TA,901.0,0,2008,1Story,Ex,Detchd,CompShg,Y,WD,1,0,Gable,AllPub,0,GasA,TA,0,Unf,0,4,107900.0,1954,TA,CBlock,SBrkr,1Fam,7,901,OldTown,1,train,Corner,Reg,6000,50.0,MetalSd,TA,TA
5,2,N,TA,849.0,0,2009,2.5Story,TA,Detchd,CompShg,N,WD,2,156,notGable,AllPub,0,GasA,TA,0,Unf,40,11,106000.0,1898,TA,PConc,Fuse,1Fam,5,2138,OldTown,3,train,Corner,Reg,8100,90.0,OtherSd,TA,TA
4,2,N,Fa,936.0,0,2009,1Story,TA,Detchd,CompShg,Y,WD,1,32,Gable,AllPub,0,GasA,TA,0,Unf,0,4,93000.0,1953,TA,CBlock,SBrkr,2fmCon,4,936,OldTown,1,train,Inside,Reg,6000,60.0,MetalSd,TA,TA
5,2,Y,TA,1221.0,0,2007,1Story,Gd,Detchd,CompShg,Y,notWD,1,116,Gable,AllPub,338,GasA,TA,0,ALQ,0,5,153500.0,1948,TA,BrkTil,SBrkr,1Fam,6,1559,OldTown,1,train,Inside,Reg,8100,90.0,VinylSd,TA,TA
5,3,Y,TA,650.0,1,2008,2Story,Gd,Detchd,CompShg,P,WD,2,78,Gable,AllPub,0,GasA,Gd,0,Unf,70,8,157500.0,1904,TA,PConc,SBrkr,1Fam,8,1539,OldTown,1,train,Inside,Reg,10440,60.0,MetalSd,TA,TA
5,4,Y,TA,876.0,1,2008,1.5Story,Gd,Detchd,CompShg,Y,WD,1,0,Gable,AllPub,0,GasA,TA,1,Unf,418,7,153900.0,1915,TA,BrkTil,SBrkr,1Fam,8,1416,OldTown,1,train,Inside,IR1,12665,100.0,OtherSd,TA,TA
5,3,Y,TA,676.0,0,2009,1.5Story,Ex,Detchd,CompShg,Y,WD,1,0,Gable,AllPub,0,GasA,TA,1,Unf,26,5,66500.0,1941,TA,CBlock,SBrkr,1Fam,6,1131,OldTown,1,train,Inside,Reg,5720,52.0,OtherSd,TA,TA
5,2,Y,TA,0.0,0,2009,1.5Story,TA,Detchd,CompShg,Y,WD,1,0,notGable,AllPub,1088,GasA,TA,0,BLQ,48,7,124900.0,1890,TA,BrkTil,SBrkr,1Fam,6,1869,OldTown,1,train,Corner,Reg,8820,98.0,VinylSd,TA,TA
3,2,N,TA,600.0,0,2009,1.5Story,Fa,NA,CompShg,Y,WD,1,0,Gable,AllPub,0,Grav,TA,0,Unf,0,6,37900.0,1910,TA,BrkTil,SBrkr,1Fam,6,968,OldTown,1,train,Inside,Reg,5925,50.0,VinylSd,TA,TA
6,2,Y,TA,485.0,0,2006,1.5Story,Gd,Attchd,CompShg,Y,WD,1,0,notGable,AllPub,0,GasA,Gd,0,Unf,394,5,117000.0,1910,NA,CBlock,SBrkr,1Fam,8,1635,OldTown,1,train,Corner,Reg,5310,59.0,VinylSd,Gd,TA
8,4,Y,TA,700.0,1,2009,2Story,Gd,Attchd,CompShg,P,WD,1,169,Gable,AllPub,216,GasA,Gd,1,BLQ,0,8,168000.0,1882,TA,BrkTil,SBrkr,1Fam,9,1742,OldTown,1,train,Corner,Reg,17671,121.0,OtherSd,Gd,Gd
5,2,Y,Fa,691.0,0,2007,1Story,Ex,Detchd,CompShg,N,WD,1,20,Gable,AllPub,0,GasA,Ex,0,Unf,0,4,86000.0,1920,TA,BrkTil,Fuse,1Fam,6,691,OldTown,1,train,Corner,Reg,5400,60.0,OtherSd,TA,TA
5,2,Y,TA,588.0,0,2007,1.5Story,Gd,Detchd,CompShg,Y,WD,1,0,Gable,AllPub,324,GasA,TA,0,BLQ,0,6,87000.0,1930,TA,CBlock,Fuse,1Fam,5,1248,OldTown,1,train,Inside,Reg,9439,52.0,OtherSd,TA,TA
5,5,N,TA,662.0,0,2007,2Story,TA,Detchd,CompShg,Y,WD,2,57,Gable,AllPub,0,GasA,TA,0,Unf,0,10,90000.0,1900,TA,BrkTil,SBrkr,2fmCon,5,2337,OldTown,2,train,Inside,Reg,13600,85.0,OtherSd,TA,TA
5,3,Y,Fa,170.0,1,2006,1.5Story,Gd,Attchd,CompShg,Y,WD,2,21,Gable,AllPub,626,GasA,Gd,0,ALQ,436,7,170000.0,1936,TA,CBlock,SBrkr,1Fam,8,1466,OldTown,1,train,Inside,Reg,10800,60.0,OtherSd,TA,TA
5,2,Y,TA,418.0,0,2006,1Story,Ex,Detchd,CompShg,Y,WD,1,0,Gable,AllPub,415,GasA,Gd,0,ALQ,0,4,117000.0,1954,TA,CBlock,SBrkr,1Fam,7,833,OldTown,1,train,Inside,Reg,5400,90.0,MetalSd,Gd,TA
7,2,Y,TA,572.0,1,2008,1.5Story,TA,Detchd,CompShg,Y,WD,1,0,Gable,AllPub,0,GasA,TA,0,Unf,0,5,116900.0,1926,TA,PConc,SBrkr,1Fam,7,1111,OldTown,1,train,Inside,Reg,5700,60.0,OtherSd,TA,TA
7,3,Y,TA,26.0,0,2009,2Story,Ex,Detchd,CompShg,Y,WD,1,0,notGable,AllPub,624,GasA,TA,0,ALQ,0,7,143000.0,1920,TA,PConc,SBrkr,1Fam,9,1482,OldTown,1,train,Inside,Reg,9000,50.0,VinylSd,Gd,TA
6,3,Y,TA,350.0,0,2009,1.5Story,TA,Detchd,CompShg,N,WD,1,0,Gable,AllPub,468,GasA,TA,0,ALQ,0,5,115000.0,1926,TA,CBlock,SBrkr,1Fam,8,1224,OldTown,1,train,Inside,Reg,3950,60.0,MetalSd,TA,TA
5,2,Y,TA,299.0,1,2006,1Story,Ex,Detchd,CompShg,Y,WD,1,0,notGable,AllPub,821,GasA,TA,0,ALQ,229,5,120000.0,1920,TA,BrkTil,SBrkr,1Fam,6,1130,OldTown,1,train,Inside,Reg,10800,60.0,OtherSd,TA,TA
3,3,Y,Fa,538.0,0,2009,2Story,TA,Detchd,CompShg,Y,WD,2,74,Gable,AllPub,440,GasA,TA,0,BLQ,0,7,95000.0,1900,TA,CBlock,SBrkr,2fmCon,5,1699,OldTown,2,train,Corner,IR1,10615,107.0,OtherSd,TA,TA
5,3,Y,TA,702.0,0,2007,1.5Story,Gd,Detchd,CompShg,P,WD,1,0,notGable,AllPub,0,GasA,Gd,0,Unf,0,6,125000.0,1925,TA,PConc,SBrkr,1Fam,8,1472,OldTown,1,train,Inside,Reg,9600,60.0,VinylSd,TA,TA
7,3,Y,TA,815.0,1,2006,2.5Story,Ex,Detchd,CompShg,Y,notWD,1,0,Gable,AllPub,0,GasA,TA,0,Unf,0,7,144000.0,1916,TA,BrkTil,SBrkr,1Fam,6,1690,OldTown,1,train,Corner,IR1,8850,65.0,MetalSd,TA,TA
7,4,N,TA,925.0,1,2007,2.5Story,TA,Detchd,CompShg,N,WD,1,0,notGable,AllPub,0,GasA,TA,1,Unf,0,9,122000.0,1910,TA,CBlock,Fuse,2fmCon,4,1889,OldTown,2,train,Inside,IR1,10120,60.0,OtherSd,TA,TA
5,4,N,TA,994.0,0,2009,2Story,TA,Attchd,CompShg,Y,WD,2,287,Gable,AllPub,0,GasA,TA,0,Unf,0,11,107500.0,1892,TA,BrkTil,SBrkr,1Fam,4,2372,OldTown,2,train,Corner,Reg,6600,60.0,OtherSd,TA,TA
5,2,Y,TA,172.0,0,2008,1Story,Ex,Attchd,CompShg,Y,WD,1,36,Gable,AllPub,144,GasA,Gd,0,GLQ,0,6,147000.0,1948,TA,CBlock,SBrkr,1Fam,7,1122,OldTown,1,train,Inside,Reg,12000,100.0,MetalSd,TA,TA
6,5,Y,Gd,1017.0,2,2008,1.5Story,Ex,Detchd,CompShg,Y,WD,2,547,Gable,AllPub,493,GasW,TA,0,BLQ,0,8,256000.0,1920,TA,BrkTil,SBrkr,1Fam,7,2792,OldTown,1,train,Corner,Reg,10440,60.0,OtherSd,Gd,Gd
4,2,N,TA,693.0,0,2006,1Story,Fa,NA,CompShg,N,WD,1,20,Gable,AllPub,0,Grav,Fa,0,Unf,0,4,52500.0,1941,TA,CBlock,Fuse,1Fam,4,693,OldTown,1,train,Corner,IR1,4118,153.0,OtherSd,TA,TA
8,4,N,TA,425.0,0,2008,2Story,Fa,NA,CompShg,Y,WD,2,54,Gable,AllPub,259,OthW,TA,0,BLQ,0,8,122000.0,1872,NA,BrkTil,SBrkr,1Fam,5,2358,OldTown,1,train,Inside,Reg,5250,50.0,MetalSd,Gd,TA
4,2,Y,TA,420.0,0,2009,1.5Story,Ex,Detchd,CompShg,Y,WD,1,0,Gable,AllPub,315,GasA,TA,0,ALQ,0,6,105000.0,1920,TA,PConc,SBrkr,1Fam,6,1374,OldTown,1,train,Corner,Reg,5400,90.0,OtherSd,TA,TA
7,4,Y,Fa,596.0,0,2006,2Story,Ex,Detchd,CompShg,N,WD,1,0,notGable,AllPub,0,GasA,Gd,1,Unf,36,8,157000.0,1920,TA,BrkTil,SBrkr,1Fam,7,1762,OldTown,1,train,Corner,Reg,7200,60.0,OtherSd,TA,TA
6,5,N,TA,0.0,1,2007,1.5Story,TA,Detchd,CompShg,Y,notWD,2,15,Gable,AllPub,168,GasW,Gd,0,ALQ,88,10,136000.0,1916,TA,BrkTil,SBrkr,1Fam,7,2526,OldTown,1,train,Inside,Reg,8520,60.0,OtherSd,Gd,TA
6,3,N,Fa,482.0,1,2008,1.5Story,Ex,Detchd,CompShg,Y,WD,2,25,Gable,AllPub,0,GasA,TA,0,Unf,0,7,163000.0,1905,TA,BrkTil,SBrkr,2fmCon,7,1912,OldTown,2,train,Inside,Reg,10800,60.0,OtherSd,TA,TA
3,3,Y,TA,672.0,0,2006,1.5Story,TA,Detchd,CompShg,Y,WD,1,0,Gable,AllPub,0,GasA,TA,0,Unf,216,6,105000.0,1915,TA,PConc,SBrkr,1Fam,4,1214,OldTown,1,train,Corner,Reg,10410,60.0,OtherSd,TA,TA
4,3,Y,Fa,622.0,0,2010,2Story,Gd,Detchd,CompShg,Y,WD,1,0,Gable,AllPub,0,GasA,TA,0,Unf,0,6,125500.0,1910,TA,CBlock,SBrkr,1Fam,7,1363,OldTown,1,train,Inside,Reg,7740,60.0,VinylSd,TA,TA
4,4,Y,TA,777.0,0,2010,2Story,Gd,Detchd,CompShg,N,WD,2,0,Gable,AllPub,0,GasA,TA,0,Unf,0,11,122500.0,1885,TA,PConc,SBrkr,2fmCon,6,2290,OldTown,2,train,Inside,Reg,11340,60.0,VinylSd,TA,TA
5,2,Y,TA,278.0,2,2010,1Story,TA,Attchd,CompShg,Y,WD,1,0,Gable,AllPub,510,GasA,Gd,0,BLQ,0,4,119000.0,1940,TA,CBlock,SBrkr,1Fam,7,804,OldTown,1,train,Corner,Reg,7200,60.0,MetalSd,Gd,TA
8,3,Y,Ex,417.0,1,2009,1Story,Ex,Attchd,CompShg,Y,WD,2,44,notGable,AllPub,1288,GasA,Gd,0,GLQ,208,7,0.0,2007,TA,PConc,SBrkr,1Fam,5,1718,CollegeCr,1,House.1,Inside,Reg,10637,79.0,VinylSd,TA,Gd
5,3,Y,Gd,1097.0,0,2009,1Story,Ex,Attchd,CompShg,Y,WD,1,64,Gable,AllPub,0,GasA,TA,1,Unf,392,6,0.0,1994,TA,PConc,SBrkr,1Fam,5,1097,CollegeCr,1,House.2,Corner,Reg,10859,112.0,VinylSd,TA,TA
5,3,Y,Gd,924.0,0,2008,1Story,TA,Detchd,CompShg,Y,WD,1,0,notGable,AllPub,0,GasA,TA,0,Unf,0,5,0.0,1975,TA,CBlock,SBrkr,1Fam,6,924,CollegeCr,1,House.3,Inside,IR1,7990,88.0,OtherSd,TA,TA
7,3,Y,Gd,458.0,1,2010,2Story,Ex,Attchd,CompShg,Y,WD,2,39,Gable,AllPub,483,GasA,Gd,1,GLQ,192,7,0.0,2003,TA,PConc,SBrkr,1Fam,6,1829,CollegeCr,1,House.4,CulDSac,IR1,9548,44.0,VinylSd,TA,Gd
7,3,Y,Gd,1494.0,1,2007,1Story,Ex,Attchd,CompShg,Y,notWD,2,33,Gable,AllPub,0,GasA,Gd,0,Unf,160,7,0.0,2006,TA,PConc,SBrkr,1Fam,5,1494,CollegeCr,1,House.5,Inside,IR1,10652,91.0,VinylSd,TA,Gd
7,2,Y,Gd,544.0,0,2007,1Story,Ex,Attchd,CompShg,Y,notWD,2,54,Gable,AllPub,664,GasA,Gd,0,GLQ,105,6,0.0,2007,TA,PConc,SBrkr,1Fam,5,1208,CollegeCr,1,House.6,Inside,Reg,6762,64.0,VinylSd,TA,Gd
5,3,Y,TA,0.0,0,2010,1Story,TA,Attchd,CompShg,Y,WD,1,0,Gable,AllPub,182,GasA,TA,0,BLQ,365,5,0.0,1976,NA,CBlock,SBrkr,1Fam,6,894,CollegeCr,1,House.7,Corner,Reg,10650,75.0,OtherSd,TA,TA
7,3,Y,Gd,939.0,0,2007,2Story,Ex,Attchd,CompShg,Y,WD,2,53,Gable,AllPub,0,GasA,Gd,1,Unf,144,8,0.0,2006,TA,PConc,SBrkr,1Fam,5,1797,CollegeCr,1,House.8,Inside,IR1,9245,79.0,VinylSd,TA,Gd
8,4,Y,Gd,747.0,1,2007,2Story,Ex,Attchd,CompShg,Y,WD,2,50,Gable,AllPub,281,GasA,Gd,1,GLQ,208,9,0.0,1998,TA,PConc,SBrkr,1Fam,5,2452,CollegeCr,1,House.9,Inside,IR3,16226,66.0,VinylSd,TA,Gd
8,3,Y,Gd,336.0,2,2008,2Story,Ex,Attchd,CompShg,Y,WD,2,106,Gable,AllPub,668,GasA,Gd,1,GLQ,224,7,0.0,1999,TA,PConc,SBrkr,1Fam,5,1852,CollegeCr,1,House.10,Inside,IR1,9066,73.0,VinylSd,TA,Gd
8,3,Y,Gd,315.0,1,2010,1Story,Ex,Attchd,CompShg,Y,WD,2,262,notGable,AllPub,370,GasA,Gd,0,BLQ,0,8,0.0,2003,TA,PConc,SBrkr,1Fam,5,1668,CollegeCr,1,House.11,FR2,IR2,10635,48.0,VinylSd,TA,Gd
6,3,Y,Gd,322.0,0,2007,1Story,Ex,Attchd,CompShg,Y,WD,2,26,Gable,AllPub,334,GasA,Gd,0,ALQ,0,6,0.0,1995,NA,PConc,SBrkr,1Fam,5,1200,CollegeCr,1,House.12,Inside,IR2,11249,105.0,VinylSd,Gd,Gd
8,3,Y,Ex,1482.0,1,2007,2Story,Ex,Attchd,CompShg,Y,notWD,2,148,Gable,AllPub,0,GasA,Ex,1,Unf,0,10,0.0,2007,TA,PConc,SBrkr,1Fam,5,2574,CollegeCr,1,House.13,Inside,IR1,9588,69.0,OtherSd,TA,Gd
7,3,Y,Gd,280.0,0,2008,2Story,Ex,Attchd,CompShg,Y,WD,2,45,Gable,AllPub,490,GasA,Gd,1,GLQ,0,6,0.0,2004,TA,PConc,SBrkr,1Fam,5,1582,CollegeCr,1,House.14,Inside,Reg,8320,64.0,VinylSd,TA,Gd
6,1,Y,Gd,189.0,0,2007,1Story,Ex,Attchd,CompShg,Y,WD,1,0,Gable,AllPub,659,GasA,Gd,0,GLQ,140,3,0.0,2003,TA,PConc,SBrkr,Twnhs,5,848,CollegeCr,1,House.15,Inside,Reg,4435,36.0,VinylSd,TA,Gd
6,3,Y,Gd,545.0,0,2009,2Story,Ex,Attchd,CompShg,Y,WD,2,35,Gable,AllPub,193,GasA,Gd,1,GLQ,100,7,0.0,2005,TA,PConc,SBrkr,1Fam,5,1476,CollegeCr,1,House.16,FR2,Reg,8633,64.0,VinylSd,TA,Gd
8,3,Y,Gd,141.0,1,2007,2Story,Ex,Attchd,CompShg,Y,WD,2,65,Gable,AllPub,1079,GasA,Gd,1,GLQ,0,8,0.0,1995,TA,PConc,SBrkr,1Fam,5,2090,CollegeCr,1,House.17,Inside,Reg,10000,80.0,VinylSd,TA,Gd
7,3,Y,Gd,1541.0,1,2006,1Story,Ex,Attchd,CompShg,Y,WD,2,81,Gable,AllPub,0,GasA,Gd,0,Unf,468,6,0.0,2001,TA,PConc,SBrkr,1Fam,5,1541,CollegeCr,1,House.18,Corner,IR1,13704,118.0,VinylSd,TA,Gd
9,3,Y,Gd,567.0,1,2007,1Story,Ex,Attchd,CompShg,Y,WD,2,45,notGable,AllPub,1059,GasA,Gd,0,GLQ,257,7,0.0,2002,TA,PConc,SBrkr,1Fam,5,1668,CollegeCr,1,House.19,Corner,IR1,11248,90.0,VinylSd,TA,Gd
7,3,Y,Gd,1286.0,1,2006,1Story,Ex,Attchd,CompShg,Y,notWD,2,0,Gable,AllPub,24,GasA,Gd,0,GLQ,0,6,0.0,2005,TA,PConc,SBrkr,1Fam,5,1310,CollegeCr,1,House.20,Inside,IR1,8767,65.0,VinylSd,TA,Gd
7,3,Y,Gd,349.0,0,2007,1Story,Ex,Attchd,CompShg,Y,notWD,2,98,Gable,AllPub,925,GasA,Gd,0,GLQ,264,6,0.0,2005,TA,PConc,SBrkr,1Fam,5,1274,CollegeCr,1,House.21,Inside,Reg,8814,68.0,VinylSd,TA,Gd
7,3,Y,Gd,927.0,0,2006,2Story,Ex,Attchd,CompShg,Y,notWD,2,90,Gable,AllPub,464,GasA,Gd,1,GLQ,0,7,0.0,2006,NA,PConc,SBrkr,1Fam,5,1962,CollegeCr,1,House.22,Inside,Reg,8760,73.0,VinylSd,TA,Gd
7,3,Y,Gd,426.0,0,2006,1Story,Ex,Attchd,CompShg,Y,WD,2,29,Gable,AllPub,1162,GasA,Gd,0,ALQ,158,6,0.0,1999,TA,PConc,SBrkr,1Fam,5,1588,CollegeCr,1,House.23,Inside,IR1,10264,78.0,VinylSd,TA,Gd
5,3,Y,Gd,274.0,0,2006,1Story,Ex,Attchd,CompShg,Y,WD,1,0,Gable,AllPub,716,GasA,TA,0,ALQ,224,5,0.0,1995,TA,PConc,SBrkr,1Fam,5,990,CollegeCr,1,House.24,CulDSac,IR2,13568,43.0,VinylSd,TA,TA
6,3,Y,Gd,107.0,0,2009,2Story,Ex,Attchd,CompShg,Y,WD,2,99,Gable,AllPub,821,GasA,Gd,1,GLQ,276,7,0.0,1997,TA,PConc,SBrkr,1Fam,5,1764,CollegeCr,1,House.25,Inside,IR1,15426,65.0,VinylSd,TA,TA
7,3,Y,Gd,728.0,1,2007,2Story,Ex,Attchd,CompShg,Y,notWD,2,0,Gable,AllPub,0,GasA,Gd,1,Unf,0,8,0.0,2006,TA,PConc,SBrkr,1Fam,5,1456,CollegeCr,1,House.26,Corner,IR1,11103,85.0,VinylSd,TA,Gd
5,3,Y,TA,504.0,0,2006,1Story,Ex,Attchd,CompShg,Y,WD,1,0,notGable,AllPub,360,GasA,TA,0,ALQ,0,5,0.0,1972,TA,CBlock,SBrkr,1Fam,7,864,CollegeCr,1,House.27,Corner,IR1,9560,120.0,MetalSd,Gd,TA
8,3,Y,Gd,324.0,1,2008,2Story,Ex,Attchd,CompShg,Y,WD,2,211,Gable,AllPub,804,GasA,Gd,1,GLQ,0,7,0.0,2002,TA,PConc,SBrkr,1Fam,5,2031,CollegeCr,1,House.28,Inside,Reg,9473,75.0,VinylSd,TA,Gd
7,3,Y,Gd,240.0,0,2008,2Story,Ex,Attchd,CompShg,Y,WD,2,88,Gable,AllPub,633,GasA,Gd,1,GLQ,0,7,0.0,1999,TA,PConc,SBrkr,1Fam,5,1790,CollegeCr,1,House.29,Inside,IR1,9179,68.0,VinylSd,TA,Gd
5,3,Y,Gd,1072.0,0,2009,1Story,TA,Detchd,CompShg,Y,WD,1,0,Gable,AllPub,196,GasA,Gd,1,ALQ,173,5,0.0,1977,NA,CBlock,SBrkr,1Fam,7,1268,CollegeCr,1,House.30,CulDSac,IR1,9286,70.0,OtherSd,TA,TA
5,4,N,NA,622.0,0,2010,1Story,TA,NA,CompShg,Y,WD,2,0,notGable,AllPub,0,GasA,TA,0,NA,0,8,0.0,1965,NA,CBlock,SBrkr,Duplex,5,1664,Edwards,2,House.31,Inside,Reg,9825,75.0,OtherSd,TA,TA
4,3,Y,TA,622.0,0,2009,1Story,Ex,Attchd,CompShg,Y,WD,1,0,Gable,AllPub,1059,GasA,TA,0,ALQ,0,6,0.0,1956,TA,CBlock,Fuse,1Fam,6,1229,Edwards,1,House.32,Inside,Reg,17140,65.5,VinylSd,TA,TA
6,3,Y,Gd,622.0,0,2006,2Story,Ex,Detchd,CompShg,Y,WD,2,40,Gable,AllPub,0,GasA,Gd,0,Unf,0,7,0.0,2004,TA,PConc,SBrkr,Twnhs,5,1709,Edwards,1,House.33,Inside,Reg,2522,24.0,VinylSd,TA,Gd
5,3,Y,TA,622.0,0,2008,1Story,Gd,Attchd,CompShg,Y,WD,1,68,Gable,AllPub,830,GasA,TA,1,BLQ,736,6,0.0,1965,TA,CBlock,SBrkr,1Fam,6,1256,Edwards,1,House.34,Inside,Reg,9937,75.0,OtherSd,TA,Gd
5,3,Y,TA,622.0,0,2009,1Story,TA,Attchd,CompShg,Y,notWD,1,0,Gable,AllPub,0,GasA,TA,0,Unf,0,5,0.0,1958,NA,CBlock,Fuse,1Fam,3,1276,Edwards,1,House.35,Inside,Reg,9571,68.0,OtherSd,TA,TA
3,3,Y,TA,622.0,0,2007,1Story,Ex,NA,CompShg,Y,WD,1,0,Gable,AllPub,544,GasA,Gd,0,ALQ,0,6,0.0,1931,TA,BrkTil,SBrkr,1Fam,6,774,Edwards,1,House.36,Inside,Reg,4270,70.0,MetalSd,TA,TA
5,2,N,TA,622.0,0,2010,1Story,Fa,Attchd,CompShg,Y,notWD,1,0,Gable,AllPub,108,GasA,TA,0,ALQ,0,5,0.0,1920,TA,BrkTil,SBrkr,1Fam,5,835,Edwards,1,House.37,Corner,Reg,10625,85.0,OtherSd,TA,TA
4,2,Y,Gd,622.0,0,2010,1Story,Ex,Attchd,CompShg,Y,WD,2,64,Gable,AllPub,0,GasA,TA,0,Unf,132,5,0.0,2003,TA,PConc,SBrkr,1Fam,5,1121,Edwards,1,House.38,Corner,Reg,8546,80.0,VinylSd,TA,TA
4,2,Y,Fa,622.0,0,2006,1Story,TA,Detchd,CompShg,Y,notWD,1,0,Gable,AllPub,836,GasA,TA,0,BLQ,0,6,0.0,1951,NA,CBlock,Fuse,1Fam,5,1220,Edwards,1,House.39,Inside,Reg,8877,67.0,OtherSd,TA,TA
10,3,Y,Ex,622.0,1,2007,2Story,Ex,Attchd,CompShg,Y,notWD,3,406,notGable,AllPub,2260,GasA,Ex,1,GLQ,208,11,0.0,2007,TA,PConc,SBrkr,1Fam,5,4676,Edwards,1,House.40,Inside,IR1,40094,130.0,OtherSd,TA,Gd
4,4,Y,TA,622.0,0,2008,1.5Story,Ex,Detchd,CompShg,Y,WD,2,0,Gable,AllPub,0,GasA,TA,0,Unf,0,7,0.0,1954,TA,PConc,SBrkr,1Fam,6,1470,Edwards,1,House.41,Inside,Reg,8172,60.0,MetalSd,TA,TA
3,2,N,TA,622.0,0,2008,1Story,TA,NA,CompShg,N,WD,1,0,Gable,AllPub,41,GasA,TA,0,BLQ,0,5,0.0,1914,TA,BrkTil,Fuse,1Fam,3,864,Edwards,1,House.42,Inside,Reg,8248,45.0,OtherSd,TA,TA
4,1,Y,TA,622.0,0,2009,1Story,Ex,Detchd,CompShg,Y,WD,1,0,Gable,AllPub,262,GasA,TA,0,BLQ,158,4,0.0,1940,TA,CBlock,SBrkr,1Fam,5,861,Edwards,1,House.43,Inside,IR1,12342,65.5,VinylSd,TA,TA
5,2,Y,TA,622.0,0,2006,1Story,TA,Detchd,CompShg,N,WD,1,0,notGable,AllPub,167,GasA,TA,0,ALQ,0,5,0.0,1955,TA,CBlock,SBrkr,1Fam,7,864,Edwards,1,House.44,Inside,Reg,8172,60.0,OtherSd,TA,TA
6,3,N,TA,622.0,0,2009,2Story,TA,Detchd,CompShg,Y,WD,2,0,notGable,AllPub,551,GasA,TA,0,BLQ,147,6,0.0,1925,TA,BrkTil,SBrkr,1Fam,6,1369,Edwards,1,House.45,Inside,Reg,6629,54.0,OtherSd,Gd,TA
5,2,Y,TA,1073.0,0,2006,1Story,Ex,Detchd,CompShg,Y,WD,1,0,Gable,AllPub,0,GasA,TA,0,Unf,0,4,0.0,1921,TA,BrkTil,SBrkr,1Fam,6,1073,OldTown,1,House.46,Corner,Reg,5400,60.0,MetalSd,TA,TA
5,2,Y,TA,440.0,0,2009,2Story,Gd,Detchd,CompShg,Y,WD,1,0,Gable,AllPub,0,GasA,TA,1,Unf,74,5,0.0,1910,TA,PConc,SBrkr,1Fam,6,1230,OldTown,1,House.47,Corner,Reg,10440,60.0,OtherSd,TA,TA
6,2,Y,TA,312.0,0,2010,1Story,TA,Attchd,CompShg,Y,WD,1,158,Gable,AllPub,600,GasA,TA,0,GLQ,0,6,0.0,1957,TA,CBlock,Fuse,1Fam,7,1236,OldTown,1,House.48,Inside,Reg,7407,90.0,MetalSd,TA,TA
5,3,N,TA,540.0,0,2006,1.5Story,Gd,Attchd,CompShg,Y,WD,1,0,Gable,AllPub,0,GasA,TA,0,Unf,0,6,0.0,1900,TA,BrkTil,Fuse,1Fam,4,1440,OldTown,1,House.49,Corner,Reg,5000,63.0,OtherSd,TA,TA
6,2,Y,TA,706.0,1,2006,1Story,Gd,Detchd,CompShg,Y,WD,1,120,Gable,AllPub,397,GasA,Gd,0,BLQ,166,5,0.0,1925,TA,BrkTil,SBrkr,1Fam,6,1103,OldTown,1,House.50,Inside,Reg,6000,50.0,MetalSd,Gd,TA
7,3,Y,TA,576.0,0,2010,2Story,Gd,Detchd,CompShg,Y,WD,2,11,Gable,AllPub,0,GasA,TA,0,Unf,12,9,0.0,1921,TA,BrkTil,SBrkr,1Fam,6,1710,OldTown,1,House.51,Inside,IR1,10300,50.0,OtherSd,TA,TA
4,1,Y,TA,882.0,0,2007,1.5Story,Ex,NA,CompShg,Y,WD,1,0,Gable,AllPub,0,GasA,TA,0,Unf,0,4,0.0,1956,TA,CBlock,SBrkr,1Fam,6,882,OldTown,1,House.52,Inside,Reg,5500,55.0,MetalSd,TA,TA
7,3,Y,TA,548.0,1,2008,2Story,Ex,Detchd,CompShg,N,WD,2,0,notGable,AllPub,141,GasA,Gd,0,ALQ,0,7,0.0,1928,TA,BrkTil,SBrkr,1Fam,9,1378,OldTown,1,House.53,Inside,Reg,9600,60.0,MetalSd,Gd,TA
5,3,Y,Gd,286.0,1,2006,1.5Story,TA,Detchd,CompShg,Y,WD,1,0,Gable,AllPub,507,GasA,TA,0,ALQ,0,5,0.0,1939,TA,CBlock,SBrkr,2fmCon,7,1118,OldTown,1,House.54,Inside,Reg,7800,65.0,MetalSd,TA,TA
7,4,Y,TA,611.0,1,2009,2Story,Ex,Attchd,CompShg,Y,WD,1,0,Gable,AllPub,299,GasA,Ex,1,ALQ,0,7,0.0,1915,TA,PConc,SBrkr,1Fam,8,1826,OldTown,1,House.55,Corner,Reg,2500,50.0,OtherSd,TA,Gd
6,4,Y,TA,901.0,0,2008,1.5Story,Gd,NA,CompShg,N,notWD,1,98,Gable,AllPub,0,GasA,TA,0,Unf,0,7,0.0,1920,TA,BrkTil,SBrkr,1Fam,7,1198,OldTown,1,House.56,Inside,IR1,5586,60.0,MetalSd,TA,TA
5,3,Y,Fa,660.0,0,2009,1.5Story,Ex,Detchd,CompShg,N,WD,2,0,Gable,AllPub,0,GasA,TA,1,Unf,0,8,0.0,1916,TA,CBlock,SBrkr,1Fam,7,1656,OldTown,1,House.57,Inside,Reg,10410,60.0,OtherSd,TA,TA
4,2,Y,TA,710.0,0,2007,1Story,Gd,Detchd,CompShg,Y,WD,1,0,notGable,AllPub,250,GasA,Fa,0,ALQ,0,5,0.0,1920,TA,PConc,Fuse,1Fam,4,960,OldTown,1,House.58,Inside,Reg,6000,50.0,MetalSd,TA,TA
8,3,Y,TA,588.0,1,2008,2Story,Fa,Detchd,CompShg,Y,WD,1,63,notGable,AllPub,0,GasA,Gd,0,Unf,192,7,0.0,1925,TA,PConc,SBrkr,1Fam,7,1666,OldTown,1,House.59,Inside,Reg,5100,60.0,OtherSd,Gd,TA
5,2,Y,TA,1008.0,1,2010,1Story,Gd,Detchd,CompShg,Y,WD,1,0,Gable,AllPub,0,GasA,TA,0,Unf,0,5,0.0,1927,TA,CBlock,Fuse,1Fam,6,1028,OldTown,1,House.60,Inside,Reg,8960,56.0,OtherSd,TA,TA
5,4,Y,Gd,360.0,1,2010,2Story,Gd,Detchd,CompShg,N,WD,2,0,Gable,AllPub,0,GasA,Gd,0,Unf,344,8,0.0,1900,TA,BrkTil,SBrkr,2fmCon,9,1812,OldTown,2,House.61,Inside,Reg,7630,76.0,OtherSd,Gd,TA
6,3,N,Gd,416.0,1,2008,2.5Story,Fa,Detchd,CompShg,P,WD,1,0,Gable,AllPub,319,OthW,TA,1,ALQ,0,8,0.0,1917,TA,BrkTil,SBrkr,1Fam,5,2058,OldTown,1,House.62,Inside,Reg,9600,60.0,OtherSd,TA,TA
4,4,N,TA,1095.0,0,2006,2Story,Fa,Attchd,CompShg,N,WD,2,0,Gable,AllPub,0,GasW,TA,0,Unf,0,8,0.0,1900,NA,BrkTil,SBrkr,1Fam,2,1774,OldTown,2,House.63,Inside,Reg,9600,60.0,OtherSd,TA,TA
6,5,Y,TA,1008.0,0,2007,2Story,TA,Detchd,CompShg,N,WD,2,48,Gable,AllPub,0,GasW,Fa,0,Unf,0,8,0.0,1880,TA,BrkTil,SBrkr,1Fam,4,2210,OldTown,1,House.64,Inside,Reg,9900,90.0,OtherSd,TA,TA
5,2,N,TA,310.0,0,2009,1Story,TA,Detchd,CompShg,Y,WD,1,30,notGable,AllPub,247,GasW,TA,0,ALQ,0,4,0.0,1910,TA,BrkTil,SBrkr,1Fam,4,1022,OldTown,1,House.65,Inside,Reg,7200,60.0,MetalSd,TA,TA
4,3,Y,TA,576.0,0,2010,1.5Story,Gd,NA,CompShg,N,WD,1,160,Gable,AllPub,0,GasA,TA,0,Unf,0,7,0.0,1910,NA,BrkTil,SBrkr,1Fam,7,1140,OldTown,1,House.66,Corner,Reg,8800,55.0,OtherSd,TA,TA
4,4,Y,TA,656.0,0,2007,1Story,TA,Detchd,CompShg,Y,WD,2,0,Gable,AllPub,0,GasA,TA,0,Unf,0,5,0.0,1927,TA,BrkTil,SBrkr,1Fam,6,968,OldTown,1,House.67,Inside,Reg,10800,60.0,OtherSd,TA,TA
